[
  {
    "id": "66571",
    "name": "Phường Yên Nghĩa",
    "district_id": "1035",
    "district_name": "Quận Hà Đông",
    "province_id": "11",
    "province_name": "Thành Phố Hà Nội",
    "new_id": "17675",
    "new_name": "Phường Yên Nghĩa",
    "new_province_id": "11",
    "new_province_name": "Thành Phố Hà Nội"
  },
  {
    "id": "197643",
    "name": "Phường Phú Lương",
    "district_id": "1035",
    "district_name": "Quận Hà Đông",
    "province_id": "11",
    "province_name": "Thành Phố Hà Nội",
    "new_id": "13579",
    "new_name": "Xã Bình Minh",
    "new_province_id": "11",
    "new_province_name": "Thành Phố Hà Nội"
  },
  {
    "id": "263179",
    "name": "Phường Phúc La",
    "district_id": "1035",
    "district_name": "Quận Hà Đông",
    "province_id": "11",
    "province_name": "Thành Phố Hà Nội",
    "new_id": "21771",
    "new_name": "Phường Hà Đông",
    "new_province_id": "11",
    "new_province_name": "Thành Phố Hà Nội"
  },
  {
    "id": "328715",
    "name": "Phường Đồng Mai",
    "district_id": "1035",
    "district_name": "Quận Hà Đông",
    "province_id": "11",
    "province_name": "Thành Phố Hà Nội",
    "new_id": "17675",
    "new_name": "Phường Yên Nghĩa",
    "new_province_id": "11",
    "new_province_name": "Thành Phố Hà Nội"
  },
  {
    "id": "394251",
    "name": "Phường Dương Nội",
    "district_id": "1035",
    "district_name": "Quận Hà Đông",
    "province_id": "11",
    "province_name": "Thành Phố Hà Nội",
    "new_id": "21259",
    "new_name": "Phường Dương Nội",
    "new_province_id": "11",
    "new_province_name": "Thành Phố Hà Nội"
  },
  {
    "id": "459787",
    "name": "Phường Hà Cầu",
    "district_id": "1035",
    "district_name": "Quận Hà Đông",
    "province_id": "11",
    "province_name": "Thành Phố Hà Nội",
    "new_id": "21515",
    "new_name": "Phường Kiến Hưng",
    "new_province_id": "11",
    "new_province_name": "Thành Phố Hà Nội"
  },
  {
    "id": "525323",
    "name": "Phường Kiến Hưng",
    "district_id": "1035",
    "district_name": "Quận Hà Đông",
    "province_id": "11",
    "province_name": "Thành Phố Hà Nội",
    "new_id": "21515",
    "new_name": "Phường Kiến Hưng",
    "new_province_id": "11",
    "new_province_name": "Thành Phố Hà Nội"
  },
  {
    "id": "590859",
    "name": "Phường La Khê",
    "district_id": "1035",
    "district_name": "Quận Hà Đông",
    "province_id": "11",
    "province_name": "Thành Phố Hà Nội",
    "new_id": "21259",
    "new_name": "Phường Dương Nội",
    "new_province_id": "11",
    "new_province_name": "Thành Phố Hà Nội"
  },
  {
    "id": "656395",
    "name": "Phường Mộ Lao",
    "district_id": "1035",
    "district_name": "Quận Hà Đông",
    "province_id": "11",
    "province_name": "Thành Phố Hà Nội",
    "new_id": "21771",
    "new_name": "Phường Hà Đông",
    "new_province_id": "11",
    "new_province_name": "Thành Phố Hà Nội"
  },
  {
    "id": "787467",
    "name": "Phường Phú La",
    "district_id": "1035",
    "district_name": "Quận Hà Đông",
    "province_id": "11",
    "province_name": "Thành Phố Hà Nội",
    "new_id": "21515",
    "new_name": "Phường Kiến Hưng",
    "new_province_id": "11",
    "new_province_name": "Thành Phố Hà Nội"
  },
  {
    "id": "853003",
    "name": "Phường Phú Lãm",
    "district_id": "1035",
    "district_name": "Quận Hà Đông",
    "province_id": "11",
    "province_name": "Thành Phố Hà Nội",
    "new_id": "21003",
    "new_name": "Phường Phú Lương",
    "new_province_id": "11",
    "new_province_name": "Thành Phố Hà Nội"
  },
  {
    "id": "918539",
    "name": "Phường Quang Trung",
    "district_id": "1035",
    "district_name": "Quận Hà Đông",
    "province_id": "11",
    "province_name": "Thành Phố Hà Nội",
    "new_id": "21771",
    "new_name": "Phường Hà Đông",
    "new_province_id": "11",
    "new_province_name": "Thành Phố Hà Nội"
  },
  {
    "id": "984075",
    "name": "Phường Vạn Phúc",
    "district_id": "1035",
    "district_name": "Quận Hà Đông",
    "province_id": "11",
    "province_name": "Thành Phố Hà Nội",
    "new_id": "21771",
    "new_name": "Phường Hà Đông",
    "new_province_id": "11",
    "new_province_name": "Thành Phố Hà Nội"
  },
  {
    "id": "1049611",
    "name": "Phường Văn Quán",
    "district_id": "1035",
    "district_name": "Quận Hà Đông",
    "province_id": "11",
    "province_name": "Thành Phố Hà Nội",
    "new_id": "5131",
    "new_name": "Phường Thanh Liệt",
    "new_province_id": "11",
    "new_province_name": "Thành Phố Hà Nội"
  },
  {
    "id": "1115147",
    "name": "Phường Biên Giang",
    "district_id": "1035",
    "district_name": "Quận Hà Đông",
    "province_id": "11",
    "province_name": "Thành Phố Hà Nội",
    "new_id": "11531",
    "new_name": "Phường Chương Mỹ",
    "new_province_id": "11",
    "new_province_name": "Thành Phố Hà Nội"
  }
]