[
  {
    "id": "66595",
    "name": "Xã Hồ Thầu",
    "district_id": "1059",
    "district_name": "Huyện Hoàng Su Phì",
    "province_id": "35",
    "province_name": "Tỉnh Hà Giang",
    "new_id": "20011",
    "new_name": "Xã Hồ Thầu",
    "new_province_id": "43",
    "new_province_name": "Tỉnh Tuyên Quang"
  },
  {
    "id": "132131",
    "name": "Xã Bản Phùng",
    "district_id": "1059",
    "district_name": "Huyện Hoàng Su Phì",
    "province_id": "35",
    "province_name": "Tỉnh Hà Giang",
    "new_id": "7211",
    "new_name": "Xã Bản Máy",
    "new_province_id": "43",
    "new_province_name": "Tỉnh Tuyên Quang"
  },
  {
    "id": "197667",
    "name": "Xã Nậm Khòa",
    "district_id": "1059",
    "district_name": "Huyện Hoàng Su Phì",
    "province_id": "35",
    "province_name": "Tỉnh Hà Giang",
    "new_id": "20011",
    "new_name": "Xã Hồ Thầu",
    "new_province_id": "43",
    "new_province_name": "Tỉnh Tuyên Quang"
  },
  {
    "id": "263203",
    "name": "Xã Nam Sơn",
    "district_id": "1059",
    "district_name": "Huyện Hoàng Su Phì",
    "province_id": "35",
    "province_name": "Tỉnh Hà Giang",
    "new_id": "20011",
    "new_name": "Xã Hồ Thầu",
    "new_province_id": "43",
    "new_province_name": "Tỉnh Tuyên Quang"
  },
  {
    "id": "328739",
    "name": "Xã Đản Ván",
    "district_id": "1059",
    "district_name": "Huyện Hoàng Su Phì",
    "province_id": "35",
    "province_name": "Tỉnh Hà Giang",
    "new_id": "6699",
    "new_name": "Xã Hoàng Su Phì",
    "new_province_id": "43",
    "new_province_name": "Tỉnh Tuyên Quang"
  },
  {
    "id": "394275",
    "name": "Xã Sán Xả Hồ",
    "district_id": "1059",
    "district_name": "Huyện Hoàng Su Phì",
    "province_id": "35",
    "province_name": "Tỉnh Hà Giang",
    "new_id": "7467",
    "new_name": "Xã Pờ Ly Ngài",
    "new_province_id": "43",
    "new_province_name": "Tỉnh Tuyên Quang"
  },
  {
    "id": "459811",
    "name": "Thị Trấn Vinh Quang",
    "district_id": "1059",
    "district_name": "Huyện Hoàng Su Phì",
    "province_id": "35",
    "province_name": "Tỉnh Hà Giang",
    "new_id": "6699",
    "new_name": "Xã Hoàng Su Phì",
    "new_province_id": "43",
    "new_province_name": "Tỉnh Tuyên Quang"
  },
  {
    "id": "525347",
    "name": "Xã Bản Luốc",
    "district_id": "1059",
    "district_name": "Huyện Hoàng Su Phì",
    "province_id": "35",
    "province_name": "Tỉnh Hà Giang",
    "new_id": "6699",
    "new_name": "Xã Hoàng Su Phì",
    "new_province_id": "43",
    "new_province_name": "Tỉnh Tuyên Quang"
  },
  {
    "id": "590883",
    "name": "Xã Bản Máy",
    "district_id": "1059",
    "district_name": "Huyện Hoàng Su Phì",
    "province_id": "35",
    "province_name": "Tỉnh Hà Giang",
    "new_id": "7211",
    "new_name": "Xã Bản Máy",
    "new_province_id": "43",
    "new_province_name": "Tỉnh Tuyên Quang"
  },
  {
    "id": "656419",
    "name": "Xã Bản Nhùng",
    "district_id": "1059",
    "district_name": "Huyện Hoàng Su Phì",
    "province_id": "35",
    "province_name": "Tỉnh Hà Giang",
    "new_id": "6443",
    "new_name": "Xã Tân Tiến",
    "new_province_id": "43",
    "new_province_name": "Tỉnh Tuyên Quang"
  },
  {
    "id": "721955",
    "name": "Xã Chiến Phố",
    "district_id": "1059",
    "district_name": "Huyện Hoàng Su Phì",
    "province_id": "35",
    "province_name": "Tỉnh Hà Giang",
    "new_id": "7211",
    "new_name": "Xã Bản Máy",
    "new_province_id": "43",
    "new_province_name": "Tỉnh Tuyên Quang"
  },
  {
    "id": "787491",
    "name": "Xã Nậm Dịch",
    "district_id": "1059",
    "district_name": "Huyện Hoàng Su Phì",
    "province_id": "35",
    "province_name": "Tỉnh Hà Giang",
    "new_id": "20267",
    "new_name": "Xã Nậm Dịch",
    "new_province_id": "43",
    "new_province_name": "Tỉnh Tuyên Quang"
  },
  {
    "id": "853027",
    "name": "Xã Nậm Tỵ",
    "district_id": "1059",
    "district_name": "Huyện Hoàng Su Phì",
    "province_id": "35",
    "province_name": "Tỉnh Hà Giang",
    "new_id": "20267",
    "new_name": "Xã Nậm Dịch",
    "new_province_id": "43",
    "new_province_name": "Tỉnh Tuyên Quang"
  },
  {
    "id": "918563",
    "name": "Xã Nàng Đôn",
    "district_id": "1059",
    "district_name": "Huyện Hoàng Su Phì",
    "province_id": "35",
    "province_name": "Tỉnh Hà Giang",
    "new_id": "7467",
    "new_name": "Xã Pờ Ly Ngài",
    "new_province_id": "43",
    "new_province_name": "Tỉnh Tuyên Quang"
  },
  {
    "id": "984099",
    "name": "Xã Ngàm Đăng Vài",
    "district_id": "1059",
    "district_name": "Huyện Hoàng Su Phì",
    "province_id": "35",
    "province_name": "Tỉnh Hà Giang",
    "new_id": "6699",
    "new_name": "Xã Hoàng Su Phì",
    "new_province_id": "43",
    "new_province_name": "Tỉnh Tuyên Quang"
  },
  {
    "id": "1049635",
    "name": "Xã Pố Lồ",
    "district_id": "1059",
    "district_name": "Huyện Hoàng Su Phì",
    "province_id": "35",
    "province_name": "Tỉnh Hà Giang",
    "new_id": "6955",
    "new_name": "Xã Thàng Tín",
    "new_province_id": "43",
    "new_province_name": "Tỉnh Tuyên Quang"
  },
  {
    "id": "1115171",
    "name": "Xã Pờ Ly Ngài",
    "district_id": "1059",
    "district_name": "Huyện Hoàng Su Phì",
    "province_id": "35",
    "province_name": "Tỉnh Hà Giang",
    "new_id": "7467",
    "new_name": "Xã Pờ Ly Ngài",
    "new_province_id": "43",
    "new_province_name": "Tỉnh Tuyên Quang"
  },
  {
    "id": "1180707",
    "name": "Xã Thông Nguyên",
    "district_id": "1059",
    "district_name": "Huyện Hoàng Su Phì",
    "province_id": "35",
    "province_name": "Tỉnh Hà Giang",
    "new_id": "19755",
    "new_name": "Xã Thông Nguyên",
    "new_province_id": "43",
    "new_province_name": "Tỉnh Tuyên Quang"
  },
  {
    "id": "1246243",
    "name": "Xã Tụ Nhân",
    "district_id": "1059",
    "district_name": "Huyện Hoàng Su Phì",
    "province_id": "35",
    "province_name": "Tỉnh Hà Giang",
    "new_id": "6699",
    "new_name": "Xã Hoàng Su Phì",
    "new_province_id": "43",
    "new_province_name": "Tỉnh Tuyên Quang"
  },
  {
    "id": "1311779",
    "name": "Xã Thàng Tín",
    "district_id": "1059",
    "district_name": "Huyện Hoàng Su Phì",
    "province_id": "35",
    "province_name": "Tỉnh Hà Giang",
    "new_id": "6955",
    "new_name": "Xã Thàng Tín",
    "new_province_id": "43",
    "new_province_name": "Tỉnh Tuyên Quang"
  },
  {
    "id": "1377315",
    "name": "Xã Thèn Chu Phìn",
    "district_id": "1059",
    "district_name": "Huyện Hoàng Su Phì",
    "province_id": "35",
    "province_name": "Tỉnh Hà Giang",
    "new_id": "6955",
    "new_name": "Xã Thàng Tín",
    "new_province_id": "43",
    "new_province_name": "Tỉnh Tuyên Quang"
  },
  {
    "id": "1442851",
    "name": "Xã Tả Sử Choóng",
    "district_id": "1059",
    "district_name": "Huyện Hoàng Su Phì",
    "province_id": "35",
    "province_name": "Tỉnh Hà Giang",
    "new_id": "20267",
    "new_name": "Xã Nậm Dịch",
    "new_province_id": "43",
    "new_province_name": "Tỉnh Tuyên Quang"
  },
  {
    "id": "1508387",
    "name": "Xã Tân Tiến",
    "district_id": "1059",
    "district_name": "Huyện Hoàng Su Phì",
    "province_id": "35",
    "province_name": "Tỉnh Hà Giang",
    "new_id": "6443",
    "new_name": "Xã Tân Tiến",
    "new_province_id": "43",
    "new_province_name": "Tỉnh Tuyên Quang"
  },
  {
    "id": "1573923",
    "name": "Xã Túng Sán",
    "district_id": "1059",
    "district_name": "Huyện Hoàng Su Phì",
    "province_id": "35",
    "province_name": "Tỉnh Hà Giang",
    "new_id": "6443",
    "new_name": "Xã Tân Tiến",
    "new_province_id": "43",
    "new_province_name": "Tỉnh Tuyên Quang"
  }
]