[
  {
    "id": "66832",
    "name": "Xã Đào Hữu Cảnh",
    "district_id": "1296",
    "district_name": "Huyện Châu Phú",
    "province_id": "16",
    "province_name": "Tỉnh An Giang",
    "new_id": "8721",
    "new_name": "Xã Thạnh Mỹ Tây",
    "new_province_id": "17",
    "new_province_name": "Tỉnh An Giang"
  },
  {
    "id": "132368",
    "name": "Xã Thạnh Mỹ Tây",
    "district_id": "1296",
    "district_name": "Huyện Châu Phú",
    "province_id": "16",
    "province_name": "Tỉnh An Giang",
    "new_id": "8721",
    "new_name": "Xã Thạnh Mỹ Tây",
    "new_province_id": "17",
    "new_province_name": "Tỉnh An Giang"
  },
  {
    "id": "197904",
    "name": "Xã Bình Thủy",
    "district_id": "1296",
    "district_name": "Huyện Châu Phú",
    "province_id": "16",
    "province_name": "Tỉnh An Giang",
    "new_id": "8465",
    "new_name": "Xã Bình Mỹ",
    "new_province_id": "17",
    "new_province_name": "Tỉnh An Giang"
  },
  {
    "id": "263440",
    "name": "Xã Khánh Hòa",
    "district_id": "1296",
    "district_name": "Huyện Châu Phú",
    "province_id": "16",
    "province_name": "Tỉnh An Giang",
    "new_id": "7697",
    "new_name": "Xã Mỹ Đức",
    "new_province_id": "17",
    "new_province_name": "Tỉnh An Giang"
  },
  {
    "id": "328976",
    "name": "Xã Mỹ Đức",
    "district_id": "1296",
    "district_name": "Huyện Châu Phú",
    "province_id": "16",
    "province_name": "Tỉnh An Giang",
    "new_id": "7697",
    "new_name": "Xã Mỹ Đức",
    "new_province_id": "17",
    "new_province_name": "Tỉnh An Giang"
  },
  {
    "id": "394512",
    "name": "Xã Mỹ Phú",
    "district_id": "1296",
    "district_name": "Huyện Châu Phú",
    "province_id": "16",
    "province_name": "Tỉnh An Giang",
    "new_id": "7953",
    "new_name": "Xã Vĩnh Thạnh Trung",
    "new_province_id": "17",
    "new_province_name": "Tỉnh An Giang"
  },
  {
    "id": "460048",
    "name": "Thị Trấn Vĩnh Thạnh Trung",
    "district_id": "1296",
    "district_name": "Huyện Châu Phú",
    "province_id": "16",
    "province_name": "Tỉnh An Giang",
    "new_id": "7953",
    "new_name": "Xã Vĩnh Thạnh Trung",
    "new_province_id": "17",
    "new_province_name": "Tỉnh An Giang"
  },
  {
    "id": "525584",
    "name": "Thị Trấn Cái Dầu",
    "district_id": "1296",
    "district_name": "Huyện Châu Phú",
    "province_id": "16",
    "province_name": "Tỉnh An Giang",
    "new_id": "8209",
    "new_name": "Xã Châu Phú",
    "new_province_id": "17",
    "new_province_name": "Tỉnh An Giang"
  },
  {
    "id": "591120",
    "name": "Xã Bình Chánh",
    "district_id": "1296",
    "district_name": "Huyện Châu Phú",
    "province_id": "16",
    "province_name": "Tỉnh An Giang",
    "new_id": "8465",
    "new_name": "Xã Bình Mỹ",
    "new_province_id": "17",
    "new_province_name": "Tỉnh An Giang"
  },
  {
    "id": "656656",
    "name": "Xã Bình Long",
    "district_id": "1296",
    "district_name": "Huyện Châu Phú",
    "province_id": "16",
    "province_name": "Tỉnh An Giang",
    "new_id": "8209",
    "new_name": "Xã Châu Phú",
    "new_province_id": "17",
    "new_province_name": "Tỉnh An Giang"
  },
  {
    "id": "722192",
    "name": "Xã Bình Mỹ",
    "district_id": "1296",
    "district_name": "Huyện Châu Phú",
    "province_id": "16",
    "province_name": "Tỉnh An Giang",
    "new_id": "8465",
    "new_name": "Xã Bình Mỹ",
    "new_province_id": "17",
    "new_province_name": "Tỉnh An Giang"
  },
  {
    "id": "787728",
    "name": "Xã Bình Phú",
    "district_id": "1296",
    "district_name": "Huyện Châu Phú",
    "province_id": "16",
    "province_name": "Tỉnh An Giang",
    "new_id": "8209",
    "new_name": "Xã Châu Phú",
    "new_province_id": "17",
    "new_province_name": "Tỉnh An Giang"
  },
  {
    "id": "853264",
    "name": "Xã Ô Long Vỹ",
    "district_id": "1296",
    "district_name": "Huyện Châu Phú",
    "province_id": "16",
    "province_name": "Tỉnh An Giang",
    "new_id": "8721",
    "new_name": "Xã Thạnh Mỹ Tây",
    "new_province_id": "17",
    "new_province_name": "Tỉnh An Giang"
  }
]