[
  {
    "id": "67139",
    "name": "Phường Phong Hiền",
    "district_id": "1603",
    "district_name": "Thị Xã Phong Điền",
    "province_id": "67",
    "province_name": "Thành Phố Huế",
    "new_id": "784",
    "new_name": "Phường Phong Thái",
    "new_province_id": "16",
    "new_province_name": "Thành Phố Huế"
  },
  {
    "id": "132675",
    "name": "Phường Phong Hòa",
    "district_id": "1603",
    "district_name": "Thị Xã Phong Điền",
    "province_id": "67",
    "province_name": "Thành Phố Huế",
    "new_id": "1040",
    "new_name": "Phường Phong Dinh",
    "new_province_id": "16",
    "new_province_name": "Thành Phố Huế"
  },
  {
    "id": "198211",
    "name": "Phường Phong An",
    "district_id": "1603",
    "district_name": "Thị Xã Phong Điền",
    "province_id": "67",
    "province_name": "Thành Phố Huế",
    "new_id": "784",
    "new_name": "Phường Phong Thái",
    "new_province_id": "16",
    "new_province_name": "Thành Phố Huế"
  },
  {
    "id": "263747",
    "name": "Phường Phong Thu",
    "district_id": "1603",
    "district_name": "Thị Xã Phong Điền",
    "province_id": "67",
    "province_name": "Thành Phố Huế",
    "new_id": "528",
    "new_name": "Phường Phong Điền",
    "new_province_id": "16",
    "new_province_name": "Thành Phố Huế"
  },
  {
    "id": "525891",
    "name": "Phường Phong Phú",
    "district_id": "1603",
    "district_name": "Thị Xã Phong Điền",
    "province_id": "67",
    "province_name": "Thành Phố Huế",
    "new_id": "1296",
    "new_name": "Phường Phong Phú",
    "new_province_id": "16",
    "new_province_name": "Thành Phố Huế"
  },
  {
    "id": "591427",
    "name": "Xã Phong Thạnh",
    "district_id": "1603",
    "district_name": "Thị Xã Phong Điền",
    "province_id": "67",
    "province_name": "Thành Phố Huế",
    "new_id": "1296",
    "new_name": "Phường Phong Phú",
    "new_province_id": "16",
    "new_province_name": "Thành Phố Huế"
  },
  {
    "id": "656963",
    "name": "Xã Phong Bình",
    "district_id": "1603",
    "district_name": "Thị Xã Phong Điền",
    "province_id": "67",
    "province_name": "Thành Phố Huế",
    "new_id": "1040",
    "new_name": "Phường Phong Dinh",
    "new_province_id": "16",
    "new_province_name": "Thành Phố Huế"
  },
  {
    "id": "722499",
    "name": "Xã Phong Chương",
    "district_id": "1603",
    "district_name": "Thị Xã Phong Điền",
    "province_id": "67",
    "province_name": "Thành Phố Huế",
    "new_id": "1040",
    "new_name": "Phường Phong Dinh",
    "new_province_id": "16",
    "new_province_name": "Thành Phố Huế"
  },
  {
    "id": "788035",
    "name": "Phường Phong Hải",
    "district_id": "1603",
    "district_name": "Thị Xã Phong Điền",
    "province_id": "67",
    "province_name": "Thành Phố Huế",
    "new_id": "1552",
    "new_name": "Phường Phong Quảng",
    "new_province_id": "16",
    "new_province_name": "Thành Phố Huế"
  },
  {
    "id": "853571",
    "name": "Xã Phong Mỹ",
    "district_id": "1603",
    "district_name": "Thị Xã Phong Điền",
    "province_id": "67",
    "province_name": "Thành Phố Huế",
    "new_id": "528",
    "new_name": "Phường Phong Điền",
    "new_province_id": "16",
    "new_province_name": "Thành Phố Huế"
  },
  {
    "id": "919107",
    "name": "Xã Phong Sơn",
    "district_id": "1603",
    "district_name": "Thị Xã Phong Điền",
    "province_id": "67",
    "province_name": "Thành Phố Huế",
    "new_id": "784",
    "new_name": "Phường Phong Thái",
    "new_province_id": "16",
    "new_province_name": "Thành Phố Huế"
  },
  {
    "id": "1050179",
    "name": "Xã Phong Xuân",
    "district_id": "1603",
    "district_name": "Thị Xã Phong Điền",
    "province_id": "67",
    "province_name": "Thành Phố Huế",
    "new_id": "528",
    "new_name": "Phường Phong Điền",
    "new_province_id": "16",
    "new_province_name": "Thành Phố Huế"
  }
]