[
  {
    "id": "67395",
    "name": "Xã Lộc Vĩnh",
    "district_id": "1859",
    "district_name": "Huyện Phú Lộc",
    "province_id": "67",
    "province_name": "Thành Phố Huế",
    "new_id": "8208",
    "new_name": "Xã Chân Mây-Lăng Cô",
    "new_province_id": "16",
    "new_province_name": "Thành Phố Huế"
  },
  {
    "id": "132931",
    "name": "Thị Trấn Phú Lộc",
    "district_id": "1859",
    "district_name": "Huyện Phú Lộc",
    "province_id": "67",
    "province_name": "Thành Phố Huế",
    "new_id": "7952",
    "new_name": "Xã Phú Lộc",
    "new_province_id": "16",
    "new_province_name": "Thành Phố Huế"
  },
  {
    "id": "198467",
    "name": "Xã Lộc An",
    "district_id": "1859",
    "district_name": "Huyện Phú Lộc",
    "province_id": "67",
    "province_name": "Thành Phố Huế",
    "new_id": "7696",
    "new_name": "Xã Lộc An",
    "new_province_id": "16",
    "new_province_name": "Thành Phố Huế"
  },
  {
    "id": "264003",
    "name": "Xã Lộc Bình",
    "district_id": "1859",
    "district_name": "Huyện Phú Lộc",
    "province_id": "67",
    "province_name": "Thành Phố Huế",
    "new_id": "7952",
    "new_name": "Xã Phú Lộc",
    "new_province_id": "16",
    "new_province_name": "Thành Phố Huế"
  },
  {
    "id": "329539",
    "name": "Xã Lộc Bổn",
    "district_id": "1859",
    "district_name": "Huyện Phú Lộc",
    "province_id": "67",
    "province_name": "Thành Phố Huế",
    "new_id": "7440",
    "new_name": "Xã Hưng Lộc",
    "new_province_id": "16",
    "new_province_name": "Thành Phố Huế"
  },
  {
    "id": "395075",
    "name": "Xã Lộc Điền",
    "district_id": "1859",
    "district_name": "Huyện Phú Lộc",
    "province_id": "67",
    "province_name": "Thành Phố Huế",
    "new_id": "7696",
    "new_name": "Xã Lộc An",
    "new_province_id": "16",
    "new_province_name": "Thành Phố Huế"
  },
  {
    "id": "460611",
    "name": "Xã Lộc Hòa",
    "district_id": "1859",
    "district_name": "Huyện Phú Lộc",
    "province_id": "67",
    "province_name": "Thành Phố Huế",
    "new_id": "7696",
    "new_name": "Xã Lộc An",
    "new_province_id": "16",
    "new_province_name": "Thành Phố Huế"
  },
  {
    "id": "526147",
    "name": "Thị Trấn Lộc Sơn",
    "district_id": "1859",
    "district_name": "Huyện Phú Lộc",
    "province_id": "67",
    "province_name": "Thành Phố Huế",
    "new_id": "7440",
    "new_name": "Xã Hưng Lộc",
    "new_province_id": "16",
    "new_province_name": "Thành Phố Huế"
  },
  {
    "id": "591683",
    "name": "Xã Lộc Thủy",
    "district_id": "1859",
    "district_name": "Huyện Phú Lộc",
    "province_id": "67",
    "province_name": "Thành Phố Huế",
    "new_id": "8208",
    "new_name": "Xã Chân Mây-Lăng Cô",
    "new_province_id": "16",
    "new_province_name": "Thành Phố Huế"
  },
  {
    "id": "657219",
    "name": "Xã Lộc Tiến",
    "district_id": "1859",
    "district_name": "Huyện Phú Lộc",
    "province_id": "67",
    "province_name": "Thành Phố Huế",
    "new_id": "8208",
    "new_name": "Xã Chân Mây-Lăng Cô",
    "new_province_id": "16",
    "new_province_name": "Thành Phố Huế"
  },
  {
    "id": "722755",
    "name": "Xã Lộc Trì",
    "district_id": "1859",
    "district_name": "Huyện Phú Lộc",
    "province_id": "67",
    "province_name": "Thành Phố Huế",
    "new_id": "7952",
    "new_name": "Xã Phú Lộc",
    "new_province_id": "16",
    "new_province_name": "Thành Phố Huế"
  },
  {
    "id": "788291",
    "name": "Xã Vinh Hiền",
    "district_id": "1859",
    "district_name": "Huyện Phú Lộc",
    "province_id": "67",
    "province_name": "Thành Phố Huế",
    "new_id": "7184",
    "new_name": "Xã Vinh Lộc",
    "new_province_id": "16",
    "new_province_name": "Thành Phố Huế"
  },
  {
    "id": "853827",
    "name": "Xã Vinh Hưng",
    "district_id": "1859",
    "district_name": "Huyện Phú Lộc",
    "province_id": "67",
    "province_name": "Thành Phố Huế",
    "new_id": "7184",
    "new_name": "Xã Vinh Lộc",
    "new_province_id": "16",
    "new_province_name": "Thành Phố Huế"
  },
  {
    "id": "919363",
    "name": "Xã Vinh Mỹ",
    "district_id": "1859",
    "district_name": "Huyện Phú Lộc",
    "province_id": "67",
    "province_name": "Thành Phố Huế",
    "new_id": "7184",
    "new_name": "Xã Vinh Lộc",
    "new_province_id": "16",
    "new_province_name": "Thành Phố Huế"
  },
  {
    "id": "984899",
    "name": "Xã Xuân Lộc",
    "district_id": "1859",
    "district_name": "Huyện Phú Lộc",
    "province_id": "67",
    "province_name": "Thành Phố Huế",
    "new_id": "7440",
    "new_name": "Xã Hưng Lộc",
    "new_province_id": "16",
    "new_province_name": "Thành Phố Huế"
  },
  {
    "id": "1050435",
    "name": "Thị Trấn Lăng Cô",
    "district_id": "1859",
    "district_name": "Huyện Phú Lộc",
    "province_id": "67",
    "province_name": "Thành Phố Huế",
    "new_id": "8208",
    "new_name": "Xã Chân Mây-Lăng Cô",
    "new_province_id": "16",
    "new_province_name": "Thành Phố Huế"
  },
  {
    "id": "1115971",
    "name": "Xã Giang Hải",
    "district_id": "1859",
    "district_name": "Huyện Phú Lộc",
    "province_id": "67",
    "province_name": "Thành Phố Huế",
    "new_id": "7184",
    "new_name": "Xã Vinh Lộc",
    "new_province_id": "16",
    "new_province_name": "Thành Phố Huế"
  },
  {
    "id": "1181507",
    "name": "Thị Trấn Khe Tre",
    "district_id": "1859",
    "district_name": "Huyện Phú Lộc",
    "province_id": "67",
    "province_name": "Thành Phố Huế",
    "new_id": "8976",
    "new_name": "Xã Khe Tre",
    "new_province_id": "16",
    "new_province_name": "Thành Phố Huế"
  },
  {
    "id": "1247043",
    "name": "Xã Hương Hữu",
    "district_id": "1859",
    "district_name": "Huyện Phú Lộc",
    "province_id": "67",
    "province_name": "Thành Phố Huế",
    "new_id": "8464",
    "new_name": "Xã Long Quảng",
    "new_province_id": "16",
    "new_province_name": "Thành Phố Huế"
  },
  {
    "id": "1312579",
    "name": "Xã Hương Lộc",
    "district_id": "1859",
    "district_name": "Huyện Phú Lộc",
    "province_id": "67",
    "province_name": "Thành Phố Huế",
    "new_id": "8976",
    "new_name": "Xã Khe Tre",
    "new_province_id": "16",
    "new_province_name": "Thành Phố Huế"
  },
  {
    "id": "1378115",
    "name": "Xã Hương Phú",
    "district_id": "1859",
    "district_name": "Huyện Phú Lộc",
    "province_id": "67",
    "province_name": "Thành Phố Huế",
    "new_id": "8976",
    "new_name": "Xã Khe Tre",
    "new_province_id": "16",
    "new_province_name": "Thành Phố Huế"
  },
  {
    "id": "1443651",
    "name": "Xã Hương Sơn",
    "district_id": "1859",
    "district_name": "Huyện Phú Lộc",
    "province_id": "67",
    "province_name": "Thành Phố Huế",
    "new_id": "8720",
    "new_name": "Xã Nam Đông",
    "new_province_id": "16",
    "new_province_name": "Thành Phố Huế"
  },
  {
    "id": "1509187",
    "name": "Xã Thượng Lộ",
    "district_id": "1859",
    "district_name": "Huyện Phú Lộc",
    "province_id": "67",
    "province_name": "Thành Phố Huế",
    "new_id": "8976",
    "new_name": "Xã Khe Tre",
    "new_province_id": "16",
    "new_province_name": "Thành Phố Huế"
  },
  {
    "id": "1574723",
    "name": "Xã Thượng Long",
    "district_id": "1859",
    "district_name": "Huyện Phú Lộc",
    "province_id": "67",
    "province_name": "Thành Phố Huế",
    "new_id": "8464",
    "new_name": "Xã Long Quảng",
    "new_province_id": "16",
    "new_province_name": "Thành Phố Huế"
  },
  {
    "id": "1640259",
    "name": "Xã Thượng Nhật",
    "district_id": "1859",
    "district_name": "Huyện Phú Lộc",
    "province_id": "67",
    "province_name": "Thành Phố Huế",
    "new_id": "8720",
    "new_name": "Xã Nam Đông",
    "new_province_id": "16",
    "new_province_name": "Thành Phố Huế"
  },
  {
    "id": "1705795",
    "name": "Xã Thượng Quảng",
    "district_id": "1859",
    "district_name": "Huyện Phú Lộc",
    "province_id": "67",
    "province_name": "Thành Phố Huế",
    "new_id": "8464",
    "new_name": "Xã Long Quảng",
    "new_province_id": "16",
    "new_province_name": "Thành Phố Huế"
  },
  {
    "id": "1771331",
    "name": "Xã Hương Xuân",
    "district_id": "1859",
    "district_name": "Huyện Phú Lộc",
    "province_id": "67",
    "province_name": "Thành Phố Huế",
    "new_id": "8720",
    "new_name": "Xã Nam Đông",
    "new_province_id": "16",
    "new_province_name": "Thành Phố Huế"
  }
]