[
  {
    "id": "67651",
    "name": "Xã Phú An",
    "district_id": "2115",
    "district_name": "Huyện Phú Vang",
    "province_id": "67",
    "province_name": "Thành Phố Huế",
    "new_id": "4368",
    "new_name": "Phường Mỹ Thượng",
    "new_province_id": "16",
    "new_province_name": "Thành Phố Huế"
  },
  {
    "id": "133187",
    "name": "Thị Trấn Phú Đa",
    "district_id": "2115",
    "district_name": "Huyện Phú Vang",
    "province_id": "67",
    "province_name": "Thành Phố Huế",
    "new_id": "6160",
    "new_name": "Xã Phú Vang",
    "new_province_id": "16",
    "new_province_name": "Thành Phố Huế"
  },
  {
    "id": "198723",
    "name": "Xã Phú Diên",
    "district_id": "2115",
    "district_name": "Huyện Phú Vang",
    "province_id": "67",
    "province_name": "Thành Phố Huế",
    "new_id": "5648",
    "new_name": "Xã Phú Vinh",
    "new_province_id": "16",
    "new_province_name": "Thành Phố Huế"
  },
  {
    "id": "329795",
    "name": "Xã Phú Hải",
    "district_id": "2115",
    "district_name": "Huyện Phú Vang",
    "province_id": "67",
    "province_name": "Thành Phố Huế",
    "new_id": "3856",
    "new_name": "Phường Thuận An",
    "new_province_id": "16",
    "new_province_name": "Thành Phố Huế"
  },
  {
    "id": "395331",
    "name": "Xã Phú Hồ",
    "district_id": "2115",
    "district_name": "Huyện Phú Vang",
    "province_id": "67",
    "province_name": "Thành Phố Huế",
    "new_id": "5904",
    "new_name": "Xã Phú Hồ",
    "new_province_id": "16",
    "new_province_name": "Thành Phố Huế"
  },
  {
    "id": "460867",
    "name": "Xã Phú Lương",
    "district_id": "2115",
    "district_name": "Huyện Phú Vang",
    "province_id": "67",
    "province_name": "Thành Phố Huế",
    "new_id": "5904",
    "new_name": "Xã Phú Hồ",
    "new_province_id": "16",
    "new_province_name": "Thành Phố Huế"
  },
  {
    "id": "591939",
    "name": "Xã Phú Mỹ",
    "district_id": "2115",
    "district_name": "Huyện Phú Vang",
    "province_id": "67",
    "province_name": "Thành Phố Huế",
    "new_id": "4368",
    "new_name": "Phường Mỹ Thượng",
    "new_province_id": "16",
    "new_province_name": "Thành Phố Huế"
  },
  {
    "id": "657475",
    "name": "Xã Phú Xuân",
    "district_id": "2115",
    "district_name": "Huyện Phú Vang",
    "province_id": "67",
    "province_name": "Thành Phố Huế",
    "new_id": "5904",
    "new_name": "Xã Phú Hồ",
    "new_province_id": "16",
    "new_province_name": "Thành Phố Huế"
  },
  {
    "id": "788547",
    "name": "Xã Phú Thuận",
    "district_id": "2115",
    "district_name": "Huyện Phú Vang",
    "province_id": "67",
    "province_name": "Thành Phố Huế",
    "new_id": "3856",
    "new_name": "Phường Thuận An",
    "new_province_id": "16",
    "new_province_name": "Thành Phố Huế"
  },
  {
    "id": "919619",
    "name": "Xã Vinh An",
    "district_id": "2115",
    "district_name": "Huyện Phú Vang",
    "province_id": "67",
    "province_name": "Thành Phố Huế",
    "new_id": "5648",
    "new_name": "Xã Phú Vinh",
    "new_province_id": "16",
    "new_province_name": "Thành Phố Huế"
  },
  {
    "id": "985155",
    "name": "Xã Vinh Hà",
    "district_id": "2115",
    "district_name": "Huyện Phú Vang",
    "province_id": "67",
    "province_name": "Thành Phố Huế",
    "new_id": "6160",
    "new_name": "Xã Phú Vang",
    "new_province_id": "16",
    "new_province_name": "Thành Phố Huế"
  },
  {
    "id": "1050691",
    "name": "Xã Vinh Thanh",
    "district_id": "2115",
    "district_name": "Huyện Phú Vang",
    "province_id": "67",
    "province_name": "Thành Phố Huế",
    "new_id": "5648",
    "new_name": "Xã Phú Vinh",
    "new_province_id": "16",
    "new_province_name": "Thành Phố Huế"
  },
  {
    "id": "1116227",
    "name": "Xã Vinh Xuân",
    "district_id": "2115",
    "district_name": "Huyện Phú Vang",
    "province_id": "67",
    "province_name": "Thành Phố Huế",
    "new_id": "5648",
    "new_name": "Xã Phú Vinh",
    "new_province_id": "16",
    "new_province_name": "Thành Phố Huế"
  },
  {
    "id": "1247299",
    "name": "Xã Phú Gia",
    "district_id": "2115",
    "district_name": "Huyện Phú Vang",
    "province_id": "67",
    "province_name": "Thành Phố Huế",
    "new_id": "6160",
    "new_name": "Xã Phú Vang",
    "new_province_id": "16",
    "new_province_name": "Thành Phố Huế"
  }
]