[
  {
    "id": "68134",
    "name": "Thị Trấn Thanh Hà",
    "district_id": "2598",
    "district_name": "Huyện Thanh Hà",
    "province_id": "38",
    "province_name": "Tỉnh Hải Dương",
    "new_id": "21518",
    "new_name": "Xã Thanh Hà",
    "new_province_id": "14",
    "new_province_name": "Thành Phố Hải Phòng"
  },
  {
    "id": "133670",
    "name": "Xã Cẩm Việt",
    "district_id": "2598",
    "district_name": "Huyện Thanh Hà",
    "province_id": "38",
    "province_name": "Tỉnh Hải Dương",
    "new_id": "13582",
    "new_name": "Xã Hà Bắc",
    "new_province_id": "14",
    "new_province_name": "Thành Phố Hải Phòng"
  },
  {
    "id": "199206",
    "name": "Xã Hồng Lạc",
    "district_id": "2598",
    "district_name": "Huyện Thanh Hà",
    "province_id": "38",
    "province_name": "Tỉnh Hải Dương",
    "new_id": "13582",
    "new_name": "Xã Hà Bắc",
    "new_province_id": "14",
    "new_province_name": "Thành Phố Hải Phòng"
  },
  {
    "id": "264742",
    "name": "Xã Liên Mạc",
    "district_id": "2598",
    "district_name": "Huyện Thanh Hà",
    "province_id": "38",
    "province_name": "Tỉnh Hải Dương",
    "new_id": "7694",
    "new_name": "Xã Hà Nam",
    "new_province_id": "14",
    "new_province_name": "Thành Phố Hải Phòng"
  },
  {
    "id": "330278",
    "name": "Xã Tân An",
    "district_id": "2598",
    "district_name": "Huyện Thanh Hà",
    "province_id": "38",
    "province_name": "Tỉnh Hải Dương",
    "new_id": "7950",
    "new_name": "Xã Hà Tây",
    "new_province_id": "14",
    "new_province_name": "Thành Phố Hải Phòng"
  },
  {
    "id": "395814",
    "name": "Xã Tân Việt",
    "district_id": "2598",
    "district_name": "Huyện Thanh Hà",
    "province_id": "38",
    "province_name": "Tỉnh Hải Dương",
    "new_id": "13582",
    "new_name": "Xã Hà Bắc",
    "new_province_id": "14",
    "new_province_name": "Thành Phố Hải Phòng"
  },
  {
    "id": "461350",
    "name": "Xã Thanh An",
    "district_id": "2598",
    "district_name": "Huyện Thanh Hà",
    "province_id": "38",
    "province_name": "Tỉnh Hải Dương",
    "new_id": "7694",
    "new_name": "Xã Hà Nam",
    "new_province_id": "14",
    "new_province_name": "Thành Phố Hải Phòng"
  },
  {
    "id": "526886",
    "name": "Xã Vĩnh Cường",
    "district_id": "2598",
    "district_name": "Huyện Thanh Hà",
    "province_id": "38",
    "province_name": "Tỉnh Hải Dương",
    "new_id": "21774",
    "new_name": "Xã Hà Đông",
    "new_province_id": "14",
    "new_province_name": "Thành Phố Hải Phòng"
  },
  {
    "id": "592422",
    "name": "Xã Thanh Hải",
    "district_id": "2598",
    "district_name": "Huyện Thanh Hà",
    "province_id": "38",
    "province_name": "Tỉnh Hải Dương",
    "new_id": "7950",
    "new_name": "Xã Hà Tây",
    "new_province_id": "14",
    "new_province_name": "Thành Phố Hải Phòng"
  },
  {
    "id": "657958",
    "name": "Xã Thanh Hồng",
    "district_id": "2598",
    "district_name": "Huyện Thanh Hà",
    "province_id": "38",
    "province_name": "Tỉnh Hải Dương",
    "new_id": "21774",
    "new_name": "Xã Hà Đông",
    "new_province_id": "14",
    "new_province_name": "Thành Phố Hải Phòng"
  },
  {
    "id": "789030",
    "name": "Xã Thanh Lang",
    "district_id": "2598",
    "district_name": "Huyện Thanh Hà",
    "province_id": "38",
    "province_name": "Tỉnh Hải Dương",
    "new_id": "7694",
    "new_name": "Xã Hà Nam",
    "new_province_id": "14",
    "new_province_name": "Thành Phố Hải Phòng"
  },
  {
    "id": "854566",
    "name": "Xã Thanh Sơn",
    "district_id": "2598",
    "district_name": "Huyện Thanh Hà",
    "province_id": "38",
    "province_name": "Tỉnh Hải Dương",
    "new_id": "21518",
    "new_name": "Xã Thanh Hà",
    "new_province_id": "14",
    "new_province_name": "Thành Phố Hải Phòng"
  },
  {
    "id": "920102",
    "name": "Xã Thanh Tân",
    "district_id": "2598",
    "district_name": "Huyện Thanh Hà",
    "province_id": "38",
    "province_name": "Tỉnh Hải Dương",
    "new_id": "21518",
    "new_name": "Xã Thanh Hà",
    "new_province_id": "14",
    "new_province_name": "Thành Phố Hải Phòng"
  },
  {
    "id": "1051174",
    "name": "Xã Thanh Xuân",
    "district_id": "2598",
    "district_name": "Huyện Thanh Hà",
    "province_id": "38",
    "province_name": "Tỉnh Hải Dương",
    "new_id": "7694",
    "new_name": "Xã Hà Nam",
    "new_province_id": "14",
    "new_province_name": "Thành Phố Hải Phòng"
  },
  {
    "id": "1247782",
    "name": "Xã An Phượng",
    "district_id": "2598",
    "district_name": "Huyện Thanh Hà",
    "province_id": "38",
    "province_name": "Tỉnh Hải Dương",
    "new_id": "7950",
    "new_name": "Xã Hà Tây",
    "new_province_id": "14",
    "new_province_name": "Thành Phố Hải Phòng"
  },
  {
    "id": "1313318",
    "name": "Xã Thanh Quang",
    "district_id": "2598",
    "district_name": "Huyện Thanh Hà",
    "province_id": "38",
    "province_name": "Tỉnh Hải Dương",
    "new_id": "21774",
    "new_name": "Xã Hà Đông",
    "new_province_id": "14",
    "new_province_name": "Thành Phố Hải Phòng"
  }
]