[
  {
    "id": "68150",
    "name": "Xã Lương Lỗ",
    "district_id": "2614",
    "district_name": "Huyện Thanh Ba",
    "province_id": "54",
    "province_name": "Tỉnh Phú Thọ",
    "new_id": "26659",
    "new_name": "Xã Liên Minh",
    "new_province_id": "35",
    "new_province_name": "Tỉnh Phú Thọ"
  },
  {
    "id": "133686",
    "name": "Xã Quảng Yên",
    "district_id": "2614",
    "district_name": "Huyện Thanh Ba",
    "province_id": "54",
    "province_name": "Tỉnh Phú Thọ",
    "new_id": "25635",
    "new_name": "Xã Quảng Yên",
    "new_province_id": "35",
    "new_province_name": "Tỉnh Phú Thọ"
  },
  {
    "id": "199222",
    "name": "Xã Đại An",
    "district_id": "2614",
    "district_name": "Huyện Thanh Ba",
    "province_id": "54",
    "province_name": "Tỉnh Phú Thọ",
    "new_id": "25635",
    "new_name": "Xã Quảng Yên",
    "new_province_id": "35",
    "new_province_name": "Tỉnh Phú Thọ"
  },
  {
    "id": "264758",
    "name": "Xã Đỗ Sơn",
    "district_id": "2614",
    "district_name": "Huyện Thanh Ba",
    "province_id": "54",
    "province_name": "Tỉnh Phú Thọ",
    "new_id": "26659",
    "new_name": "Xã Liên Minh",
    "new_province_id": "35",
    "new_province_name": "Tỉnh Phú Thọ"
  },
  {
    "id": "330294",
    "name": "Xã Đỗ Xuyên",
    "district_id": "2614",
    "district_name": "Huyện Thanh Ba",
    "province_id": "54",
    "province_name": "Tỉnh Phú Thọ",
    "new_id": "26659",
    "new_name": "Xã Liên Minh",
    "new_province_id": "35",
    "new_province_name": "Tỉnh Phú Thọ"
  },
  {
    "id": "395830",
    "name": "Xã Võ Lao",
    "district_id": "2614",
    "district_name": "Huyện Thanh Ba",
    "province_id": "54",
    "province_name": "Tỉnh Phú Thọ",
    "new_id": "26147",
    "new_name": "Xã Đông Thành",
    "new_province_id": "35",
    "new_province_name": "Tỉnh Phú Thọ"
  },
  {
    "id": "461366",
    "name": "Xã Đông Lĩnh",
    "district_id": "2614",
    "district_name": "Huyện Thanh Ba",
    "province_id": "54",
    "province_name": "Tỉnh Phú Thọ",
    "new_id": "25635",
    "new_name": "Xã Quảng Yên",
    "new_province_id": "35",
    "new_province_name": "Tỉnh Phú Thọ"
  },
  {
    "id": "526902",
    "name": "Xã Đông Thành",
    "district_id": "2614",
    "district_name": "Huyện Thanh Ba",
    "province_id": "54",
    "province_name": "Tỉnh Phú Thọ",
    "new_id": "26147",
    "new_name": "Xã Đông Thành",
    "new_province_id": "35",
    "new_province_name": "Tỉnh Phú Thọ"
  },
  {
    "id": "592438",
    "name": "Xã Đồng Xuân",
    "district_id": "2614",
    "district_name": "Huyện Thanh Ba",
    "province_id": "54",
    "province_name": "Tỉnh Phú Thọ",
    "new_id": "25379",
    "new_name": "Xã Thanh Ba",
    "new_province_id": "35",
    "new_province_name": "Tỉnh Phú Thọ"
  },
  {
    "id": "657974",
    "name": "Xã Hanh Cù",
    "district_id": "2614",
    "district_name": "Huyện Thanh Ba",
    "province_id": "54",
    "province_name": "Tỉnh Phú Thọ",
    "new_id": "25379",
    "new_name": "Xã Thanh Ba",
    "new_province_id": "35",
    "new_province_name": "Tỉnh Phú Thọ"
  },
  {
    "id": "723510",
    "name": "Xã Hoàng Cương",
    "district_id": "2614",
    "district_name": "Huyện Thanh Ba",
    "province_id": "54",
    "province_name": "Tỉnh Phú Thọ",
    "new_id": "25891",
    "new_name": "Xã Hoàng Cương",
    "new_province_id": "35",
    "new_province_name": "Tỉnh Phú Thọ"
  },
  {
    "id": "789046",
    "name": "Xã Khải Xuân",
    "district_id": "2614",
    "district_name": "Huyện Thanh Ba",
    "province_id": "54",
    "province_name": "Tỉnh Phú Thọ",
    "new_id": "26147",
    "new_name": "Xã Đông Thành",
    "new_province_id": "35",
    "new_province_name": "Tỉnh Phú Thọ"
  },
  {
    "id": "854582",
    "name": "Xã Mạn Lạn",
    "district_id": "2614",
    "district_name": "Huyện Thanh Ba",
    "province_id": "54",
    "province_name": "Tỉnh Phú Thọ",
    "new_id": "25891",
    "new_name": "Xã Hoàng Cương",
    "new_province_id": "35",
    "new_province_name": "Tỉnh Phú Thọ"
  },
  {
    "id": "920118",
    "name": "Xã Ninh Dân",
    "district_id": "2614",
    "district_name": "Huyện Thanh Ba",
    "province_id": "54",
    "province_name": "Tỉnh Phú Thọ",
    "new_id": "25891",
    "new_name": "Xã Hoàng Cương",
    "new_province_id": "35",
    "new_province_name": "Tỉnh Phú Thọ"
  },
  {
    "id": "985654",
    "name": "Xã Sơn Cương",
    "district_id": "2614",
    "district_name": "Huyện Thanh Ba",
    "province_id": "54",
    "province_name": "Tỉnh Phú Thọ",
    "new_id": "26403",
    "new_name": "Xã Chí Tiên",
    "new_province_id": "35",
    "new_province_name": "Tỉnh Phú Thọ"
  },
  {
    "id": "1051190",
    "name": "Thị Trấn Thanh Ba",
    "district_id": "2614",
    "district_name": "Huyện Thanh Ba",
    "province_id": "54",
    "province_name": "Tỉnh Phú Thọ",
    "new_id": "25379",
    "new_name": "Xã Thanh Ba",
    "new_province_id": "35",
    "new_province_name": "Tỉnh Phú Thọ"
  },
  {
    "id": "1116726",
    "name": "Xã Chí Tiên",
    "district_id": "2614",
    "district_name": "Huyện Thanh Ba",
    "province_id": "54",
    "province_name": "Tỉnh Phú Thọ",
    "new_id": "26403",
    "new_name": "Xã Chí Tiên",
    "new_province_id": "35",
    "new_province_name": "Tỉnh Phú Thọ"
  },
  {
    "id": "1182262",
    "name": "Xã Thanh Hà",
    "district_id": "2614",
    "district_name": "Huyện Thanh Ba",
    "province_id": "54",
    "province_name": "Tỉnh Phú Thọ",
    "new_id": "26403",
    "new_name": "Xã Chí Tiên",
    "new_province_id": "35",
    "new_province_name": "Tỉnh Phú Thọ"
  },
  {
    "id": "1247798",
    "name": "Xã Vân Lĩnh",
    "district_id": "2614",
    "district_name": "Huyện Thanh Ba",
    "province_id": "54",
    "province_name": "Tỉnh Phú Thọ",
    "new_id": "25379",
    "new_name": "Xã Thanh Ba",
    "new_province_id": "35",
    "new_province_name": "Tỉnh Phú Thọ"
  }
]