[
  {
    "id": "68153",
    "name": "Xã Ka Dăng",
    "district_id": "2617",
    "district_name": "Huyện Đông Giang",
    "province_id": "57",
    "province_name": "Tỉnh Quảng Nam",
    "new_id": "16397",
    "new_name": "Xã Bến Hiên",
    "new_province_id": "13",
    "new_province_name": "Thành Phố Đà Nẵng"
  },
  {
    "id": "133689",
    "name": "Xã A Rooi",
    "district_id": "2617",
    "district_name": "Huyện Đông Giang",
    "province_id": "57",
    "province_name": "Tỉnh Quảng Nam",
    "new_id": "16141",
    "new_name": "Xã Đông Giang",
    "new_province_id": "13",
    "new_province_name": "Thành Phố Đà Nẵng"
  },
  {
    "id": "199225",
    "name": "Xã Jơ Ngây",
    "district_id": "2617",
    "district_name": "Huyện Đông Giang",
    "province_id": "57",
    "province_name": "Tỉnh Quảng Nam",
    "new_id": "15885",
    "new_name": "Xã Sông Kôn",
    "new_province_id": "13",
    "new_province_name": "Thành Phố Đà Nẵng"
  },
  {
    "id": "264761",
    "name": "Xã Sông Kôn",
    "district_id": "2617",
    "district_name": "Huyện Đông Giang",
    "province_id": "57",
    "province_name": "Tỉnh Quảng Nam",
    "new_id": "15885",
    "new_name": "Xã Sông Kôn",
    "new_province_id": "13",
    "new_province_name": "Thành Phố Đà Nẵng"
  },
  {
    "id": "330297",
    "name": "Xã Tà Lu",
    "district_id": "2617",
    "district_name": "Huyện Đông Giang",
    "province_id": "57",
    "province_name": "Tỉnh Quảng Nam",
    "new_id": "16141",
    "new_name": "Xã Đông Giang",
    "new_province_id": "13",
    "new_province_name": "Thành Phố Đà Nẵng"
  },
  {
    "id": "395833",
    "name": "Xã Tư",
    "district_id": "2617",
    "district_name": "Huyện Đông Giang",
    "province_id": "57",
    "province_name": "Tỉnh Quảng Nam",
    "new_id": "15629",
    "new_name": "Xã Sông Vàng",
    "new_province_id": "13",
    "new_province_name": "Thành Phố Đà Nẵng"
  },
  {
    "id": "461369",
    "name": "Xã Za Hung",
    "district_id": "2617",
    "district_name": "Huyện Đông Giang",
    "province_id": "57",
    "province_name": "Tỉnh Quảng Nam",
    "new_id": "16141",
    "new_name": "Xã Đông Giang",
    "new_province_id": "13",
    "new_province_name": "Thành Phố Đà Nẵng"
  },
  {
    "id": "526905",
    "name": "Xã A Ting",
    "district_id": "2617",
    "district_name": "Huyện Đông Giang",
    "province_id": "57",
    "province_name": "Tỉnh Quảng Nam",
    "new_id": "15885",
    "new_name": "Xã Sông Kôn",
    "new_province_id": "13",
    "new_province_name": "Thành Phố Đà Nẵng"
  },
  {
    "id": "592441",
    "name": "Xã Ba",
    "district_id": "2617",
    "district_name": "Huyện Đông Giang",
    "province_id": "57",
    "province_name": "Tỉnh Quảng Nam",
    "new_id": "15629",
    "new_name": "Xã Sông Vàng",
    "new_province_id": "13",
    "new_province_name": "Thành Phố Đà Nẵng"
  },
  {
    "id": "657977",
    "name": "Thị Trấn P Rao",
    "district_id": "2617",
    "district_name": "Huyện Đông Giang",
    "province_id": "57",
    "province_name": "Tỉnh Quảng Nam",
    "new_id": "16141",
    "new_name": "Xã Đông Giang",
    "new_province_id": "13",
    "new_province_name": "Thành Phố Đà Nẵng"
  },
  {
    "id": "723513",
    "name": "Xã Mà Cooi",
    "district_id": "2617",
    "district_name": "Huyện Đông Giang",
    "province_id": "57",
    "province_name": "Tỉnh Quảng Nam",
    "new_id": "16397",
    "new_name": "Xã Bến Hiên",
    "new_province_id": "13",
    "new_province_name": "Thành Phố Đà Nẵng"
  }
]