[
  {
    "id": "65803",
    "name": "Phường Điện Biên",
    "district_id": "267",
    "district_name": "Quận Ba Đình",
    "province_id": "11",
    "province_name": "Thành Phố Hà Nội",
    "new_id": "14091",
    "new_name": "Phường Ba Đình",
    "new_province_id": "11",
    "new_province_name": "Thành Phố Hà Nội"
  },
  {
    "id": "131339",
    "name": "Phường Đội Cấn",
    "district_id": "267",
    "district_name": "Quận Ba Đình",
    "province_id": "11",
    "province_name": "Thành Phố Hà Nội",
    "new_id": "14091",
    "new_name": "Phường Ba Đình",
    "new_province_id": "11",
    "new_province_name": "Thành Phố Hà Nội"
  },
  {
    "id": "196875",
    "name": "Phường Giảng Võ",
    "district_id": "267",
    "district_name": "Quận Ba Đình",
    "province_id": "11",
    "province_name": "Thành Phố Hà Nội",
    "new_id": "14347",
    "new_name": "Phường Giảng Võ",
    "new_province_id": "11",
    "new_province_name": "Thành Phố Hà Nội"
  },
  {
    "id": "262411",
    "name": "Phường Kim Mã",
    "district_id": "267",
    "district_name": "Quận Ba Đình",
    "province_id": "11",
    "province_name": "Thành Phố Hà Nội",
    "new_id": "14091",
    "new_name": "Phường Ba Đình",
    "new_province_id": "11",
    "new_province_name": "Thành Phố Hà Nội"
  },
  {
    "id": "327947",
    "name": "Phường Liễu Giai",
    "district_id": "267",
    "district_name": "Quận Ba Đình",
    "province_id": "11",
    "province_name": "Thành Phố Hà Nội",
    "new_id": "14603",
    "new_name": "Phường Ngọc Hà",
    "new_province_id": "11",
    "new_province_name": "Thành Phố Hà Nội"
  },
  {
    "id": "393483",
    "name": "Phường Ngọc Hà",
    "district_id": "267",
    "district_name": "Quận Ba Đình",
    "province_id": "11",
    "province_name": "Thành Phố Hà Nội",
    "new_id": "14091",
    "new_name": "Phường Ba Đình",
    "new_province_id": "11",
    "new_province_name": "Thành Phố Hà Nội"
  },
  {
    "id": "459019",
    "name": "Phường Vĩnh Phúc",
    "district_id": "267",
    "district_name": "Quận Ba Đình",
    "province_id": "11",
    "province_name": "Thành Phố Hà Nội",
    "new_id": "14603",
    "new_name": "Phường Ngọc Hà",
    "new_province_id": "11",
    "new_province_name": "Thành Phố Hà Nội"
  },
  {
    "id": "524555",
    "name": "Phường Ngọc Khánh",
    "district_id": "267",
    "district_name": "Quận Ba Đình",
    "province_id": "11",
    "province_name": "Thành Phố Hà Nội",
    "new_id": "14347",
    "new_name": "Phường Giảng Võ",
    "new_province_id": "11",
    "new_province_name": "Thành Phố Hà Nội"
  },
  {
    "id": "655627",
    "name": "Phường Phúc Xá",
    "district_id": "267",
    "district_name": "Quận Ba Đình",
    "province_id": "11",
    "province_name": "Thành Phố Hà Nội",
    "new_id": "17163",
    "new_name": "Phường Hồng Hà",
    "new_province_id": "11",
    "new_province_name": "Thành Phố Hà Nội"
  },
  {
    "id": "721163",
    "name": "Phường Quán Thánh",
    "district_id": "267",
    "district_name": "Quận Ba Đình",
    "province_id": "11",
    "province_name": "Thành Phố Hà Nội",
    "new_id": "14091",
    "new_name": "Phường Ba Đình",
    "new_province_id": "11",
    "new_province_name": "Thành Phố Hà Nội"
  },
  {
    "id": "786699",
    "name": "Phường Thành Công",
    "district_id": "267",
    "district_name": "Quận Ba Đình",
    "province_id": "11",
    "province_name": "Thành Phố Hà Nội",
    "new_id": "14347",
    "new_name": "Phường Giảng Võ",
    "new_province_id": "11",
    "new_province_name": "Thành Phố Hà Nội"
  },
  {
    "id": "852235",
    "name": "Phường Trúc Bạch",
    "district_id": "267",
    "district_name": "Quận Ba Đình",
    "province_id": "11",
    "province_name": "Thành Phố Hà Nội",
    "new_id": "14091",
    "new_name": "Phường Ba Đình",
    "new_province_id": "11",
    "new_province_name": "Thành Phố Hà Nội"
  },
  {
    "id": "917771",
    "name": "Phường Cống Vị",
    "district_id": "267",
    "district_name": "Quận Ba Đình",
    "province_id": "11",
    "province_name": "Thành Phố Hà Nội",
    "new_id": "14347",
    "new_name": "Phường Giảng Võ",
    "new_province_id": "11",
    "new_province_name": "Thành Phố Hà Nội"
  }
]