[
  {
    "id": "65816",
    "name": "Xã Nhơn Hải",
    "district_id": "280",
    "district_name": "Thành Phố Quy Nhơn",
    "province_id": "24",
    "province_name": "Tỉnh Bình Định",
    "new_id": "3353",
    "new_name": "Phường Quy Nhơn Đông",
    "new_province_id": "25",
    "new_province_name": "Tỉnh Gia Lai"
  },
  {
    "id": "327960",
    "name": "Phường Bùi Thị Xuân",
    "district_id": "280",
    "district_name": "Thành Phố Quy Nhơn",
    "province_id": "24",
    "province_name": "Tỉnh Bình Định",
    "new_id": "23577",
    "new_name": "Phường Quy Nhơn Tây",
    "new_province_id": "25",
    "new_province_name": "Tỉnh Gia Lai"
  },
  {
    "id": "393496",
    "name": "Phường Đống Đa",
    "district_id": "280",
    "district_name": "Thành Phố Quy Nhơn",
    "province_id": "24",
    "province_name": "Tỉnh Bình Định",
    "new_id": "23321",
    "new_name": "Phường Quy Nhơn",
    "new_province_id": "25",
    "new_province_name": "Tỉnh Gia Lai"
  },
  {
    "id": "459032",
    "name": "Phường Ghềnh Ráng",
    "district_id": "280",
    "district_name": "Thành Phố Quy Nhơn",
    "province_id": "24",
    "province_name": "Tỉnh Bình Định",
    "new_id": "23833",
    "new_name": "Phường Quy Nhơn Nam",
    "new_province_id": "25",
    "new_province_name": "Tỉnh Gia Lai"
  },
  {
    "id": "524568",
    "name": "Phường Hải Cảng",
    "district_id": "280",
    "district_name": "Thành Phố Quy Nhơn",
    "province_id": "24",
    "province_name": "Tỉnh Bình Định",
    "new_id": "23321",
    "new_name": "Phường Quy Nhơn",
    "new_province_id": "25",
    "new_province_name": "Tỉnh Gia Lai"
  },
  {
    "id": "590104",
    "name": "Phường Ngô Mây",
    "district_id": "280",
    "district_name": "Thành Phố Quy Nhơn",
    "province_id": "24",
    "province_name": "Tỉnh Bình Định",
    "new_id": "23833",
    "new_name": "Phường Quy Nhơn Nam",
    "new_province_id": "25",
    "new_province_name": "Tỉnh Gia Lai"
  },
  {
    "id": "655640",
    "name": "Phường Nguyễn Văn Cừ",
    "district_id": "280",
    "district_name": "Thành Phố Quy Nhơn",
    "province_id": "24",
    "province_name": "Tỉnh Bình Định",
    "new_id": "23833",
    "new_name": "Phường Quy Nhơn Nam",
    "new_province_id": "25",
    "new_province_name": "Tỉnh Gia Lai"
  },
  {
    "id": "721176",
    "name": "Phường Nhơn Bình",
    "district_id": "280",
    "district_name": "Thành Phố Quy Nhơn",
    "province_id": "24",
    "province_name": "Tỉnh Bình Định",
    "new_id": "3353",
    "new_name": "Phường Quy Nhơn Đông",
    "new_province_id": "25",
    "new_province_name": "Tỉnh Gia Lai"
  },
  {
    "id": "786712",
    "name": "Phường Nhơn Phú",
    "district_id": "280",
    "district_name": "Thành Phố Quy Nhơn",
    "province_id": "24",
    "province_name": "Tỉnh Bình Định",
    "new_id": "24089",
    "new_name": "Phường Quy Nhơn Bắc",
    "new_province_id": "25",
    "new_province_name": "Tỉnh Gia Lai"
  },
  {
    "id": "852248",
    "name": "Phường Quang Trung",
    "district_id": "280",
    "district_name": "Thành Phố Quy Nhơn",
    "province_id": "24",
    "province_name": "Tỉnh Bình Định",
    "new_id": "23833",
    "new_name": "Phường Quy Nhơn Nam",
    "new_province_id": "25",
    "new_province_name": "Tỉnh Gia Lai"
  },
  {
    "id": "917784",
    "name": "Phường Thị Nại",
    "district_id": "280",
    "district_name": "Thành Phố Quy Nhơn",
    "province_id": "24",
    "province_name": "Tỉnh Bình Định",
    "new_id": "23321",
    "new_name": "Phường Quy Nhơn",
    "new_province_id": "25",
    "new_province_name": "Tỉnh Gia Lai"
  },
  {
    "id": "1048856",
    "name": "Phường Trần Phú",
    "district_id": "280",
    "district_name": "Thành Phố Quy Nhơn",
    "province_id": "24",
    "province_name": "Tỉnh Bình Định",
    "new_id": "23321",
    "new_name": "Phường Quy Nhơn",
    "new_province_id": "25",
    "new_province_name": "Tỉnh Gia Lai"
  },
  {
    "id": "1114392",
    "name": "Phường Trần Quang Diệu",
    "district_id": "280",
    "district_name": "Thành Phố Quy Nhơn",
    "province_id": "24",
    "province_name": "Tỉnh Bình Định",
    "new_id": "24089",
    "new_name": "Phường Quy Nhơn Bắc",
    "new_province_id": "25",
    "new_province_name": "Tỉnh Gia Lai"
  },
  {
    "id": "1179928",
    "name": "Xã Nhơn Hội",
    "district_id": "280",
    "district_name": "Thành Phố Quy Nhơn",
    "province_id": "24",
    "province_name": "Tỉnh Bình Định",
    "new_id": "3353",
    "new_name": "Phường Quy Nhơn Đông",
    "new_province_id": "25",
    "new_province_name": "Tỉnh Gia Lai"
  },
  {
    "id": "1245464",
    "name": "Xã Nhơn Lý",
    "district_id": "280",
    "district_name": "Thành Phố Quy Nhơn",
    "province_id": "24",
    "province_name": "Tỉnh Bình Định",
    "new_id": "3353",
    "new_name": "Phường Quy Nhơn Đông",
    "new_province_id": "25",
    "new_province_name": "Tỉnh Gia Lai"
  },
  {
    "id": "1311000",
    "name": "Xã Phước Mỹ",
    "district_id": "280",
    "district_name": "Thành Phố Quy Nhơn",
    "province_id": "24",
    "province_name": "Tỉnh Bình Định",
    "new_id": "23577",
    "new_name": "Phường Quy Nhơn Tây",
    "new_province_id": "25",
    "new_province_name": "Tỉnh Gia Lai"
  },
  {
    "id": "1376536",
    "name": "Xã Nhơn Châu",
    "district_id": "280",
    "district_name": "Thành Phố Quy Nhơn",
    "province_id": "24",
    "province_name": "Tỉnh Bình Định",
    "new_id": "537",
    "new_name": "Xã Nhơn Châu",
    "new_province_id": "25",
    "new_province_name": "Tỉnh Gia Lai"
  }
]