[
  {
    "id": "65823",
    "name": "Xã Mường Phăng",
    "district_id": "287",
    "district_name": "Thành Phố Điện Biên Phủ",
    "province_id": "31",
    "province_name": "Tỉnh Điện Biên",
    "new_id": "7958",
    "new_name": "Xã Mường Phăng",
    "new_province_id": "22",
    "new_province_name": "Tỉnh Điện Biên"
  },
  {
    "id": "131359",
    "name": "Xã Nà Tấu",
    "district_id": "287",
    "district_name": "Thành Phố Điện Biên Phủ",
    "province_id": "31",
    "province_name": "Tỉnh Điện Biên",
    "new_id": "7190",
    "new_name": "Xã Nà Tấu",
    "new_province_id": "22",
    "new_province_name": "Tỉnh Điện Biên"
  },
  {
    "id": "196895",
    "name": "Phường Mường Thanh",
    "district_id": "287",
    "district_name": "Thành Phố Điện Biên Phủ",
    "province_id": "31",
    "province_name": "Tỉnh Điện Biên",
    "new_id": "8214",
    "new_name": "Phường Điện Biên Phủ",
    "new_province_id": "22",
    "new_province_name": "Tỉnh Điện Biên"
  },
  {
    "id": "262431",
    "name": "Phường Nam Thanh",
    "district_id": "287",
    "district_name": "Thành Phố Điện Biên Phủ",
    "province_id": "31",
    "province_name": "Tỉnh Điện Biên",
    "new_id": "8470",
    "new_name": "Phường Mường Thanh",
    "new_province_id": "22",
    "new_province_name": "Tỉnh Điện Biên"
  },
  {
    "id": "327967",
    "name": "Phường Noong Bua",
    "district_id": "287",
    "district_name": "Thành Phố Điện Biên Phủ",
    "province_id": "31",
    "province_name": "Tỉnh Điện Biên",
    "new_id": "8470",
    "new_name": "Phường Mường Thanh",
    "new_province_id": "22",
    "new_province_name": "Tỉnh Điện Biên"
  },
  {
    "id": "393503",
    "name": "Phường Tân Thanh",
    "district_id": "287",
    "district_name": "Thành Phố Điện Biên Phủ",
    "province_id": "31",
    "province_name": "Tỉnh Điện Biên",
    "new_id": "8214",
    "new_name": "Phường Điện Biên Phủ",
    "new_province_id": "22",
    "new_province_name": "Tỉnh Điện Biên"
  },
  {
    "id": "459039",
    "name": "Xã Pá Khoang",
    "district_id": "287",
    "district_name": "Thành Phố Điện Biên Phủ",
    "province_id": "31",
    "province_name": "Tỉnh Điện Biên",
    "new_id": "7958",
    "new_name": "Xã Mường Phăng",
    "new_province_id": "22",
    "new_province_name": "Tỉnh Điện Biên"
  },
  {
    "id": "524575",
    "name": "Xã Nà Nhạn",
    "district_id": "287",
    "district_name": "Thành Phố Điện Biên Phủ",
    "province_id": "31",
    "province_name": "Tỉnh Điện Biên",
    "new_id": "7958",
    "new_name": "Xã Mường Phăng",
    "new_province_id": "22",
    "new_province_name": "Tỉnh Điện Biên"
  },
  {
    "id": "590111",
    "name": "Phường Him Lam",
    "district_id": "287",
    "district_name": "Thành Phố Điện Biên Phủ",
    "province_id": "31",
    "province_name": "Tỉnh Điện Biên",
    "new_id": "8214",
    "new_name": "Phường Điện Biên Phủ",
    "new_province_id": "22",
    "new_province_name": "Tỉnh Điện Biên"
  },
  {
    "id": "655647",
    "name": "Phường Thanh Bình",
    "district_id": "287",
    "district_name": "Thành Phố Điện Biên Phủ",
    "province_id": "31",
    "province_name": "Tỉnh Điện Biên",
    "new_id": "8214",
    "new_name": "Phường Điện Biên Phủ",
    "new_province_id": "22",
    "new_province_name": "Tỉnh Điện Biên"
  },
  {
    "id": "721183",
    "name": "Phường Thanh Trường",
    "district_id": "287",
    "district_name": "Thành Phố Điện Biên Phủ",
    "province_id": "31",
    "province_name": "Tỉnh Điện Biên",
    "new_id": "8214",
    "new_name": "Phường Điện Biên Phủ",
    "new_province_id": "22",
    "new_province_name": "Tỉnh Điện Biên"
  },
  {
    "id": "786719",
    "name": "Xã Thanh Minh",
    "district_id": "287",
    "district_name": "Thành Phố Điện Biên Phủ",
    "province_id": "31",
    "province_name": "Tỉnh Điện Biên",
    "new_id": "8214",
    "new_name": "Phường Điện Biên Phủ",
    "new_province_id": "22",
    "new_province_name": "Tỉnh Điện Biên"
  }
]