[
  {
    "id": "68406",
    "name": "Thị Trấn Thanh Sơn",
    "district_id": "2870",
    "district_name": "Huyện Thanh Sơn",
    "province_id": "54",
    "province_name": "Tỉnh Phú Thọ",
    "new_id": "33059",
    "new_name": "Xã Thanh Sơn",
    "new_province_id": "35",
    "new_province_name": "Tỉnh Phú Thọ"
  },
  {
    "id": "133942",
    "name": "Xã Cự Đồng",
    "district_id": "2870",
    "district_name": "Huyện Thanh Sơn",
    "province_id": "54",
    "province_name": "Tỉnh Phú Thọ",
    "new_id": "33827",
    "new_name": "Xã Cự Đồng",
    "new_province_id": "35",
    "new_province_name": "Tỉnh Phú Thọ"
  },
  {
    "id": "199478",
    "name": "Xã Cự Thắng",
    "district_id": "2870",
    "district_name": "Huyện Thanh Sơn",
    "province_id": "54",
    "province_name": "Tỉnh Phú Thọ",
    "new_id": "33315",
    "new_name": "Xã Võ Miếu",
    "new_province_id": "35",
    "new_province_name": "Tỉnh Phú Thọ"
  },
  {
    "id": "265014",
    "name": "Xã Địch Quả",
    "district_id": "2870",
    "district_name": "Huyện Thanh Sơn",
    "province_id": "54",
    "province_name": "Tỉnh Phú Thọ",
    "new_id": "33315",
    "new_name": "Xã Võ Miếu",
    "new_province_id": "35",
    "new_province_name": "Tỉnh Phú Thọ"
  },
  {
    "id": "330550",
    "name": "Xã Đông Cửu",
    "district_id": "2870",
    "district_name": "Huyện Thanh Sơn",
    "province_id": "54",
    "province_name": "Tỉnh Phú Thọ",
    "new_id": "34595",
    "new_name": "Xã Khả Cửu",
    "new_province_id": "35",
    "new_province_name": "Tỉnh Phú Thọ"
  },
  {
    "id": "396086",
    "name": "Xã Giáp Lai",
    "district_id": "2870",
    "district_name": "Huyện Thanh Sơn",
    "province_id": "54",
    "province_name": "Tỉnh Phú Thọ",
    "new_id": "33059",
    "new_name": "Xã Thanh Sơn",
    "new_province_id": "35",
    "new_province_name": "Tỉnh Phú Thọ"
  },
  {
    "id": "461622",
    "name": "Xã Hương Cần",
    "district_id": "2870",
    "district_name": "Huyện Thanh Sơn",
    "province_id": "54",
    "province_name": "Tỉnh Phú Thọ",
    "new_id": "34083",
    "new_name": "Xã Hương Cần",
    "new_province_id": "35",
    "new_province_name": "Tỉnh Phú Thọ"
  },
  {
    "id": "527158",
    "name": "Xã Khả Cửu",
    "district_id": "2870",
    "district_name": "Huyện Thanh Sơn",
    "province_id": "54",
    "province_name": "Tỉnh Phú Thọ",
    "new_id": "34595",
    "new_name": "Xã Khả Cửu",
    "new_province_id": "35",
    "new_province_name": "Tỉnh Phú Thọ"
  },
  {
    "id": "592694",
    "name": "Xã Lương Nha",
    "district_id": "2870",
    "district_name": "Huyện Thanh Sơn",
    "province_id": "54",
    "province_name": "Tỉnh Phú Thọ",
    "new_id": "34339",
    "new_name": "Xã Yên Sơn",
    "new_province_id": "35",
    "new_province_name": "Tỉnh Phú Thọ"
  },
  {
    "id": "658230",
    "name": "Xã Sơn Hùng",
    "district_id": "2870",
    "district_name": "Huyện Thanh Sơn",
    "province_id": "54",
    "province_name": "Tỉnh Phú Thọ",
    "new_id": "33059",
    "new_name": "Xã Thanh Sơn",
    "new_province_id": "35",
    "new_province_name": "Tỉnh Phú Thọ"
  },
  {
    "id": "723766",
    "name": "Xã Tân Lập",
    "district_id": "2870",
    "district_name": "Huyện Thanh Sơn",
    "province_id": "54",
    "province_name": "Tỉnh Phú Thọ",
    "new_id": "33571",
    "new_name": "Xã Văn Miếu",
    "new_province_id": "35",
    "new_province_name": "Tỉnh Phú Thọ"
  },
  {
    "id": "789302",
    "name": "Xã Tân Minh",
    "district_id": "2870",
    "district_name": "Huyện Thanh Sơn",
    "province_id": "54",
    "province_name": "Tỉnh Phú Thọ",
    "new_id": "33571",
    "new_name": "Xã Văn Miếu",
    "new_province_id": "35",
    "new_province_name": "Tỉnh Phú Thọ"
  },
  {
    "id": "854838",
    "name": "Xã Tất Thắng",
    "district_id": "2870",
    "district_name": "Huyện Thanh Sơn",
    "province_id": "54",
    "province_name": "Tỉnh Phú Thọ",
    "new_id": "33827",
    "new_name": "Xã Cự Đồng",
    "new_province_id": "35",
    "new_province_name": "Tỉnh Phú Thọ"
  },
  {
    "id": "920374",
    "name": "Xã Thạch Khoán",
    "district_id": "2870",
    "district_name": "Huyện Thanh Sơn",
    "province_id": "54",
    "province_name": "Tỉnh Phú Thọ",
    "new_id": "33059",
    "new_name": "Xã Thanh Sơn",
    "new_province_id": "35",
    "new_province_name": "Tỉnh Phú Thọ"
  },
  {
    "id": "985910",
    "name": "Xã Thắng Sơn",
    "district_id": "2870",
    "district_name": "Huyện Thanh Sơn",
    "province_id": "54",
    "province_name": "Tỉnh Phú Thọ",
    "new_id": "33827",
    "new_name": "Xã Cự Đồng",
    "new_province_id": "35",
    "new_province_name": "Tỉnh Phú Thọ"
  },
  {
    "id": "1051446",
    "name": "Xã Thục Luyện",
    "district_id": "2870",
    "district_name": "Huyện Thanh Sơn",
    "province_id": "54",
    "province_name": "Tỉnh Phú Thọ",
    "new_id": "33059",
    "new_name": "Xã Thanh Sơn",
    "new_province_id": "35",
    "new_province_name": "Tỉnh Phú Thọ"
  },
  {
    "id": "1116982",
    "name": "Xã Thượng Cửu",
    "district_id": "2870",
    "district_name": "Huyện Thanh Sơn",
    "province_id": "54",
    "province_name": "Tỉnh Phú Thọ",
    "new_id": "34595",
    "new_name": "Xã Khả Cửu",
    "new_province_id": "35",
    "new_province_name": "Tỉnh Phú Thọ"
  },
  {
    "id": "1182518",
    "name": "Xã Tinh Nhuệ",
    "district_id": "2870",
    "district_name": "Huyện Thanh Sơn",
    "province_id": "54",
    "province_name": "Tỉnh Phú Thọ",
    "new_id": "34339",
    "new_name": "Xã Yên Sơn",
    "new_province_id": "35",
    "new_province_name": "Tỉnh Phú Thọ"
  },
  {
    "id": "1248054",
    "name": "Xã Văn Miếu",
    "district_id": "2870",
    "district_name": "Huyện Thanh Sơn",
    "province_id": "54",
    "province_name": "Tỉnh Phú Thọ",
    "new_id": "33571",
    "new_name": "Xã Văn Miếu",
    "new_province_id": "35",
    "new_province_name": "Tỉnh Phú Thọ"
  },
  {
    "id": "1313590",
    "name": "Xã Võ Miếu",
    "district_id": "2870",
    "district_name": "Huyện Thanh Sơn",
    "province_id": "54",
    "province_name": "Tỉnh Phú Thọ",
    "new_id": "33315",
    "new_name": "Xã Võ Miếu",
    "new_province_id": "35",
    "new_province_name": "Tỉnh Phú Thọ"
  },
  {
    "id": "1379126",
    "name": "Xã Yên Lãng",
    "district_id": "2870",
    "district_name": "Huyện Thanh Sơn",
    "province_id": "54",
    "province_name": "Tỉnh Phú Thọ",
    "new_id": "34083",
    "new_name": "Xã Hương Cần",
    "new_province_id": "35",
    "new_province_name": "Tỉnh Phú Thọ"
  },
  {
    "id": "1444662",
    "name": "Xã Yên Lương",
    "district_id": "2870",
    "district_name": "Huyện Thanh Sơn",
    "province_id": "54",
    "province_name": "Tỉnh Phú Thọ",
    "new_id": "34083",
    "new_name": "Xã Hương Cần",
    "new_province_id": "35",
    "new_province_name": "Tỉnh Phú Thọ"
  },
  {
    "id": "1510198",
    "name": "Xã Yên Sơn",
    "district_id": "2870",
    "district_name": "Huyện Thanh Sơn",
    "province_id": "54",
    "province_name": "Tỉnh Phú Thọ",
    "new_id": "34339",
    "new_name": "Xã Yên Sơn",
    "new_province_id": "35",
    "new_province_name": "Tỉnh Phú Thọ"
  }
]