[
  {
    "id": "65826",
    "name": "Phường Diên Hồng",
    "district_id": "290",
    "district_name": "Thành Phố Pleiku",
    "province_id": "34",
    "province_name": "Tỉnh Gia Lai",
    "new_id": "5401",
    "new_name": "Phường Diên Hồng",
    "new_province_id": "25",
    "new_province_name": "Tỉnh Gia Lai"
  },
  {
    "id": "131362",
    "name": "Phường Hội Phú",
    "district_id": "290",
    "district_name": "Thành Phố Pleiku",
    "province_id": "34",
    "province_name": "Tỉnh Gia Lai",
    "new_id": "4889",
    "new_name": "Phường Hội Phú",
    "new_province_id": "25",
    "new_province_name": "Tỉnh Gia Lai"
  },
  {
    "id": "196898",
    "name": "Phường Hội Thương",
    "district_id": "290",
    "district_name": "Thành Phố Pleiku",
    "province_id": "34",
    "province_name": "Tỉnh Gia Lai",
    "new_id": "4633",
    "new_name": "Phường Pleiku",
    "new_province_id": "25",
    "new_province_name": "Tỉnh Gia Lai"
  },
  {
    "id": "262434",
    "name": "Phường Ia Kring",
    "district_id": "290",
    "district_name": "Thành Phố Pleiku",
    "province_id": "34",
    "province_name": "Tỉnh Gia Lai",
    "new_id": "5401",
    "new_name": "Phường Diên Hồng",
    "new_province_id": "25",
    "new_province_name": "Tỉnh Gia Lai"
  },
  {
    "id": "327970",
    "name": "Phường Thắng Lợi",
    "district_id": "290",
    "district_name": "Thành Phố Pleiku",
    "province_id": "34",
    "province_name": "Tỉnh Gia Lai",
    "new_id": "5657",
    "new_name": "Phường An Phú",
    "new_province_id": "25",
    "new_province_name": "Tỉnh Gia Lai"
  },
  {
    "id": "393506",
    "name": "Phường Yên Đỗ",
    "district_id": "290",
    "district_name": "Thành Phố Pleiku",
    "province_id": "34",
    "province_name": "Tỉnh Gia Lai",
    "new_id": "5401",
    "new_name": "Phường Diên Hồng",
    "new_province_id": "25",
    "new_province_name": "Tỉnh Gia Lai"
  },
  {
    "id": "459042",
    "name": "Phường Yên Thế",
    "district_id": "290",
    "district_name": "Thành Phố Pleiku",
    "province_id": "34",
    "province_name": "Tỉnh Gia Lai",
    "new_id": "5145",
    "new_name": "Phường Thống Nhất",
    "new_province_id": "25",
    "new_province_name": "Tỉnh Gia Lai"
  },
  {
    "id": "524578",
    "name": "Xã An Phú",
    "district_id": "290",
    "district_name": "Thành Phố Pleiku",
    "province_id": "34",
    "province_name": "Tỉnh Gia Lai",
    "new_id": "5657",
    "new_name": "Phường An Phú",
    "new_province_id": "25",
    "new_province_name": "Tỉnh Gia Lai"
  },
  {
    "id": "590114",
    "name": "Xã Biển Hồ",
    "district_id": "290",
    "district_name": "Thành Phố Pleiku",
    "province_id": "34",
    "province_name": "Tỉnh Gia Lai",
    "new_id": "5913",
    "new_name": "Xã Biển Hồ",
    "new_province_id": "25",
    "new_province_name": "Tỉnh Gia Lai"
  },
  {
    "id": "655650",
    "name": "Xã Chư Á",
    "district_id": "290",
    "district_name": "Thành Phố Pleiku",
    "province_id": "34",
    "province_name": "Tỉnh Gia Lai",
    "new_id": "5657",
    "new_name": "Phường An Phú",
    "new_province_id": "25",
    "new_province_name": "Tỉnh Gia Lai"
  },
  {
    "id": "721186",
    "name": "Xã Diên Phú",
    "district_id": "290",
    "district_name": "Thành Phố Pleiku",
    "province_id": "34",
    "province_name": "Tỉnh Gia Lai",
    "new_id": "5401",
    "new_name": "Phường Diên Hồng",
    "new_province_id": "25",
    "new_province_name": "Tỉnh Gia Lai"
  },
  {
    "id": "786722",
    "name": "Xã Gào",
    "district_id": "290",
    "district_name": "Thành Phố Pleiku",
    "province_id": "34",
    "province_name": "Tỉnh Gia Lai",
    "new_id": "6169",
    "new_name": "Xã Gào",
    "new_province_id": "25",
    "new_province_name": "Tỉnh Gia Lai"
  },
  {
    "id": "917794",
    "name": "Xã Trà Đa",
    "district_id": "290",
    "district_name": "Thành Phố Pleiku",
    "province_id": "34",
    "province_name": "Tỉnh Gia Lai",
    "new_id": "4633",
    "new_name": "Phường Pleiku",
    "new_province_id": "25",
    "new_province_name": "Tỉnh Gia Lai"
  },
  {
    "id": "983330",
    "name": "Phường Đống Đa",
    "district_id": "290",
    "district_name": "Thành Phố Pleiku",
    "province_id": "34",
    "province_name": "Tỉnh Gia Lai",
    "new_id": "5145",
    "new_name": "Phường Thống Nhất",
    "new_province_id": "25",
    "new_province_name": "Tỉnh Gia Lai"
  },
  {
    "id": "1048866",
    "name": "Phường Hoa Lư",
    "district_id": "290",
    "district_name": "Thành Phố Pleiku",
    "province_id": "34",
    "province_name": "Tỉnh Gia Lai",
    "new_id": "4633",
    "new_name": "Phường Pleiku",
    "new_province_id": "25",
    "new_province_name": "Tỉnh Gia Lai"
  },
  {
    "id": "1114402",
    "name": "Phường Phù Đổng",
    "district_id": "290",
    "district_name": "Thành Phố Pleiku",
    "province_id": "34",
    "province_name": "Tỉnh Gia Lai",
    "new_id": "4633",
    "new_name": "Phường Pleiku",
    "new_province_id": "25",
    "new_province_name": "Tỉnh Gia Lai"
  },
  {
    "id": "1179938",
    "name": "Phường Tây Sơn",
    "district_id": "290",
    "district_name": "Thành Phố Pleiku",
    "province_id": "34",
    "province_name": "Tỉnh Gia Lai",
    "new_id": "4633",
    "new_name": "Phường Pleiku",
    "new_province_id": "25",
    "new_province_name": "Tỉnh Gia Lai"
  },
  {
    "id": "1245474",
    "name": "Phường Chi Lăng",
    "district_id": "290",
    "district_name": "Thành Phố Pleiku",
    "province_id": "34",
    "province_name": "Tỉnh Gia Lai",
    "new_id": "4889",
    "new_name": "Phường Hội Phú",
    "new_province_id": "25",
    "new_province_name": "Tỉnh Gia Lai"
  },
  {
    "id": "1311010",
    "name": "Phường Thống Nhất",
    "district_id": "290",
    "district_name": "Thành Phố Pleiku",
    "province_id": "34",
    "province_name": "Tỉnh Gia Lai",
    "new_id": "5145",
    "new_name": "Phường Thống Nhất",
    "new_province_id": "25",
    "new_province_name": "Tỉnh Gia Lai"
  },
  {
    "id": "1376546",
    "name": "Phường Trà Bá",
    "district_id": "290",
    "district_name": "Thành Phố Pleiku",
    "province_id": "34",
    "province_name": "Tỉnh Gia Lai",
    "new_id": "4889",
    "new_name": "Phường Hội Phú",
    "new_province_id": "25",
    "new_province_name": "Tỉnh Gia Lai"
  },
  {
    "id": "1442082",
    "name": "Xã Ia Kênh",
    "district_id": "290",
    "district_name": "Thành Phố Pleiku",
    "province_id": "34",
    "province_name": "Tỉnh Gia Lai",
    "new_id": "6169",
    "new_name": "Xã Gào",
    "new_province_id": "25",
    "new_province_name": "Tỉnh Gia Lai"
  }
]