[
  {
    "id": "65846",
    "name": "Phường Gia Cẩm",
    "district_id": "310",
    "district_name": "Thành Phố Việt Trì",
    "province_id": "54",
    "province_name": "Tỉnh Phú Thọ",
    "new_id": "37411",
    "new_name": "Phường Việt Trì",
    "new_province_id": "35",
    "new_province_name": "Tỉnh Phú Thọ"
  },
  {
    "id": "131382",
    "name": "Phường Tiên Cát",
    "district_id": "310",
    "district_name": "Thành Phố Việt Trì",
    "province_id": "54",
    "province_name": "Tỉnh Phú Thọ",
    "new_id": "37923",
    "new_name": "Phường Thanh Miếu",
    "new_province_id": "35",
    "new_province_name": "Tỉnh Phú Thọ"
  },
  {
    "id": "196918",
    "name": "Phường Dữu Lâu",
    "district_id": "310",
    "district_name": "Thành Phố Việt Trì",
    "province_id": "54",
    "province_name": "Tỉnh Phú Thọ",
    "new_id": "37411",
    "new_name": "Phường Việt Trì",
    "new_province_id": "35",
    "new_province_name": "Tỉnh Phú Thọ"
  },
  {
    "id": "262454",
    "name": "Phường Vân Phú",
    "district_id": "310",
    "district_name": "Thành Phố Việt Trì",
    "province_id": "54",
    "province_name": "Tỉnh Phú Thọ",
    "new_id": "21795",
    "new_name": "Phường Vân Phú",
    "new_province_id": "35",
    "new_province_name": "Tỉnh Phú Thọ"
  },
  {
    "id": "327990",
    "name": "Xã Chu Hóa",
    "district_id": "310",
    "district_name": "Thành Phố Việt Trì",
    "province_id": "54",
    "province_name": "Tỉnh Phú Thọ",
    "new_id": "22051",
    "new_name": "Xã Hy Cương",
    "new_province_id": "35",
    "new_province_name": "Tỉnh Phú Thọ"
  },
  {
    "id": "393526",
    "name": "Phường Bạch Hạc",
    "district_id": "310",
    "district_name": "Thành Phố Việt Trì",
    "province_id": "54",
    "province_name": "Tỉnh Phú Thọ",
    "new_id": "37923",
    "new_name": "Phường Thanh Miếu",
    "new_province_id": "35",
    "new_province_name": "Tỉnh Phú Thọ"
  },
  {
    "id": "524598",
    "name": "Phường Minh Phương",
    "district_id": "310",
    "district_name": "Thành Phố Việt Trì",
    "province_id": "54",
    "province_name": "Tỉnh Phú Thọ",
    "new_id": "37667",
    "new_name": "Phường Nông Trang",
    "new_province_id": "35",
    "new_province_name": "Tỉnh Phú Thọ"
  },
  {
    "id": "590134",
    "name": "Phường Tân Dân",
    "district_id": "310",
    "district_name": "Thành Phố Việt Trì",
    "province_id": "54",
    "province_name": "Tỉnh Phú Thọ",
    "new_id": "37411",
    "new_name": "Phường Việt Trì",
    "new_province_id": "35",
    "new_province_name": "Tỉnh Phú Thọ"
  },
  {
    "id": "655670",
    "name": "Phường Thanh Miếu",
    "district_id": "310",
    "district_name": "Thành Phố Việt Trì",
    "province_id": "54",
    "province_name": "Tỉnh Phú Thọ",
    "new_id": "37923",
    "new_name": "Phường Thanh Miếu",
    "new_province_id": "35",
    "new_province_name": "Tỉnh Phú Thọ"
  },
  {
    "id": "721206",
    "name": "Phường Thọ Sơn",
    "district_id": "310",
    "district_name": "Thành Phố Việt Trì",
    "province_id": "54",
    "province_name": "Tỉnh Phú Thọ",
    "new_id": "37923",
    "new_name": "Phường Thanh Miếu",
    "new_province_id": "35",
    "new_province_name": "Tỉnh Phú Thọ"
  },
  {
    "id": "852278",
    "name": "Xã Hùng Lô",
    "district_id": "310",
    "district_name": "Thành Phố Việt Trì",
    "province_id": "54",
    "province_name": "Tỉnh Phú Thọ",
    "new_id": "21795",
    "new_name": "Phường Vân Phú",
    "new_province_id": "35",
    "new_province_name": "Tỉnh Phú Thọ"
  },
  {
    "id": "917814",
    "name": "Xã Hy Cương",
    "district_id": "310",
    "district_name": "Thành Phố Việt Trì",
    "province_id": "54",
    "province_name": "Tỉnh Phú Thọ",
    "new_id": "22051",
    "new_name": "Xã Hy Cương",
    "new_province_id": "35",
    "new_province_name": "Tỉnh Phú Thọ"
  },
  {
    "id": "983350",
    "name": "Phường Nông Trang",
    "district_id": "310",
    "district_name": "Thành Phố Việt Trì",
    "province_id": "54",
    "province_name": "Tỉnh Phú Thọ",
    "new_id": "37667",
    "new_name": "Phường Nông Trang",
    "new_province_id": "35",
    "new_province_name": "Tỉnh Phú Thọ"
  },
  {
    "id": "1048886",
    "name": "Xã Sông Lô",
    "district_id": "310",
    "district_name": "Thành Phố Việt Trì",
    "province_id": "54",
    "province_name": "Tỉnh Phú Thọ",
    "new_id": "37923",
    "new_name": "Phường Thanh Miếu",
    "new_province_id": "35",
    "new_province_name": "Tỉnh Phú Thọ"
  },
  {
    "id": "1114422",
    "name": "Xã Kim Đức",
    "district_id": "310",
    "district_name": "Thành Phố Việt Trì",
    "province_id": "54",
    "province_name": "Tỉnh Phú Thọ",
    "new_id": "21795",
    "new_name": "Phường Vân Phú",
    "new_province_id": "35",
    "new_province_name": "Tỉnh Phú Thọ"
  },
  {
    "id": "1179958",
    "name": "Xã Phượng Lâu",
    "district_id": "310",
    "district_name": "Thành Phố Việt Trì",
    "province_id": "54",
    "province_name": "Tỉnh Phú Thọ",
    "new_id": "21795",
    "new_name": "Phường Vân Phú",
    "new_province_id": "35",
    "new_province_name": "Tỉnh Phú Thọ"
  },
  {
    "id": "1245494",
    "name": "Xã Thanh Đình",
    "district_id": "310",
    "district_name": "Thành Phố Việt Trì",
    "province_id": "54",
    "province_name": "Tỉnh Phú Thọ",
    "new_id": "22051",
    "new_name": "Xã Hy Cương",
    "new_province_id": "35",
    "new_province_name": "Tỉnh Phú Thọ"
  },
  {
    "id": "1311030",
    "name": "Xã Thụy Vân",
    "district_id": "310",
    "district_name": "Thành Phố Việt Trì",
    "province_id": "54",
    "province_name": "Tỉnh Phú Thọ",
    "new_id": "37667",
    "new_name": "Phường Nông Trang",
    "new_province_id": "35",
    "new_province_name": "Tỉnh Phú Thọ"
  },
  {
    "id": "1376566",
    "name": "Xã Trưng Vương",
    "district_id": "310",
    "district_name": "Thành Phố Việt Trì",
    "province_id": "54",
    "province_name": "Tỉnh Phú Thọ",
    "new_id": "37411",
    "new_name": "Phường Việt Trì",
    "new_province_id": "35",
    "new_province_name": "Tỉnh Phú Thọ"
  },
  {
    "id": "1442102",
    "name": "Phường Minh Nông",
    "district_id": "310",
    "district_name": "Thành Phố Việt Trì",
    "province_id": "54",
    "province_name": "Tỉnh Phú Thọ",
    "new_id": "37411",
    "new_name": "Phường Việt Trì",
    "new_province_id": "35",
    "new_province_name": "Tỉnh Phú Thọ"
  }
]