[
  {
    "id": "199718",
    "name": "Xã Tiên Động",
    "district_id": "3110",
    "district_name": "Huyện Tứ Kỳ",
    "province_id": "38",
    "province_name": "Tỉnh Hải Dương",
    "new_id": "6926",
    "new_name": "Xã Nguyên Giáp",
    "new_province_id": "14",
    "new_province_name": "Thành Phố Hải Phòng"
  },
  {
    "id": "265254",
    "name": "Xã Bình Lăng",
    "district_id": "3110",
    "district_name": "Huyện Tứ Kỳ",
    "province_id": "38",
    "province_name": "Tỉnh Hải Dương",
    "new_id": "9230",
    "new_name": "Xã Đại Sơn",
    "new_province_id": "14",
    "new_province_name": "Thành Phố Hải Phòng"
  },
  {
    "id": "330790",
    "name": "Thị Trấn Tứ Kỳ",
    "district_id": "3110",
    "district_name": "Huyện Tứ Kỳ",
    "province_id": "38",
    "province_name": "Tỉnh Hải Dương",
    "new_id": "22542",
    "new_name": "Xã Tứ Kỳ",
    "new_province_id": "14",
    "new_province_name": "Thành Phố Hải Phòng"
  },
  {
    "id": "396326",
    "name": "Xã An Thanh",
    "district_id": "3110",
    "district_name": "Huyện Tứ Kỳ",
    "province_id": "38",
    "province_name": "Tỉnh Hải Dương",
    "new_id": "22798",
    "new_name": "Xã Chí Minh",
    "new_province_id": "14",
    "new_province_name": "Thành Phố Hải Phòng"
  },
  {
    "id": "461862",
    "name": "Xã Lạc Phượng",
    "district_id": "3110",
    "district_name": "Huyện Tứ Kỳ",
    "province_id": "38",
    "province_name": "Tỉnh Hải Dương",
    "new_id": "8462",
    "new_name": "Xã Lạc Phượng",
    "new_province_id": "14",
    "new_province_name": "Thành Phố Hải Phòng"
  },
  {
    "id": "527398",
    "name": "Xã Hưng Đạo",
    "district_id": "3110",
    "district_name": "Huyện Tứ Kỳ",
    "province_id": "38",
    "province_name": "Tỉnh Hải Dương",
    "new_id": "6670",
    "new_name": "Xã Tân Kỳ",
    "new_province_id": "14",
    "new_province_name": "Thành Phố Hải Phòng"
  },
  {
    "id": "592934",
    "name": "Xã Đại Hợp",
    "district_id": "3110",
    "district_name": "Huyện Tứ Kỳ",
    "province_id": "38",
    "province_name": "Tỉnh Hải Dương",
    "new_id": "6670",
    "new_name": "Xã Tân Kỳ",
    "new_province_id": "14",
    "new_province_name": "Thành Phố Hải Phòng"
  },
  {
    "id": "724006",
    "name": "Xã Hà Kỳ",
    "district_id": "3110",
    "district_name": "Huyện Tứ Kỳ",
    "province_id": "38",
    "province_name": "Tỉnh Hải Dương",
    "new_id": "6926",
    "new_name": "Xã Nguyên Giáp",
    "new_province_id": "14",
    "new_province_name": "Thành Phố Hải Phòng"
  },
  {
    "id": "789542",
    "name": "Xã Hà Thanh",
    "district_id": "3110",
    "district_name": "Huyện Tứ Kỳ",
    "province_id": "38",
    "province_name": "Tỉnh Hải Dương",
    "new_id": "6926",
    "new_name": "Xã Nguyên Giáp",
    "new_province_id": "14",
    "new_province_name": "Thành Phố Hải Phòng"
  },
  {
    "id": "855078",
    "name": "Xã Minh Đức",
    "district_id": "3110",
    "district_name": "Huyện Tứ Kỳ",
    "province_id": "38",
    "province_name": "Tỉnh Hải Dương",
    "new_id": "22542",
    "new_name": "Xã Tứ Kỳ",
    "new_province_id": "14",
    "new_province_name": "Thành Phố Hải Phòng"
  },
  {
    "id": "920614",
    "name": "Xã Nguyên Giáp",
    "district_id": "3110",
    "district_name": "Huyện Tứ Kỳ",
    "province_id": "38",
    "province_name": "Tỉnh Hải Dương",
    "new_id": "6926",
    "new_name": "Xã Nguyên Giáp",
    "new_province_id": "14",
    "new_province_name": "Thành Phố Hải Phòng"
  },
  {
    "id": "986150",
    "name": "Xã Quang Khải",
    "district_id": "3110",
    "district_name": "Huyện Tứ Kỳ",
    "province_id": "38",
    "province_name": "Tỉnh Hải Dương",
    "new_id": "22542",
    "new_name": "Xã Tứ Kỳ",
    "new_province_id": "14",
    "new_province_name": "Thành Phố Hải Phòng"
  },
  {
    "id": "1051686",
    "name": "Xã Dân An",
    "district_id": "3110",
    "district_name": "Huyện Tứ Kỳ",
    "province_id": "38",
    "province_name": "Tỉnh Hải Dương",
    "new_id": "6670",
    "new_name": "Xã Tân Kỳ",
    "new_province_id": "14",
    "new_province_name": "Thành Phố Hải Phòng"
  },
  {
    "id": "1117222",
    "name": "Xã Quang Phục",
    "district_id": "3110",
    "district_name": "Huyện Tứ Kỳ",
    "province_id": "38",
    "province_name": "Tỉnh Hải Dương",
    "new_id": "22542",
    "new_name": "Xã Tứ Kỳ",
    "new_province_id": "14",
    "new_province_name": "Thành Phố Hải Phòng"
  },
  {
    "id": "1182758",
    "name": "Xã Kỳ Sơn",
    "district_id": "3110",
    "district_name": "Huyện Tứ Kỳ",
    "province_id": "38",
    "province_name": "Tỉnh Hải Dương",
    "new_id": "6670",
    "new_name": "Xã Tân Kỳ",
    "new_province_id": "14",
    "new_province_name": "Thành Phố Hải Phòng"
  },
  {
    "id": "1248294",
    "name": "Xã Tân Kỳ",
    "district_id": "3110",
    "district_name": "Huyện Tứ Kỳ",
    "province_id": "38",
    "province_name": "Tỉnh Hải Dương",
    "new_id": "6670",
    "new_name": "Xã Tân Kỳ",
    "new_province_id": "14",
    "new_province_name": "Thành Phố Hải Phòng"
  },
  {
    "id": "1313830",
    "name": "Xã Văn Tố",
    "district_id": "3110",
    "district_name": "Huyện Tứ Kỳ",
    "province_id": "38",
    "province_name": "Tỉnh Hải Dương",
    "new_id": "22798",
    "new_name": "Xã Chí Minh",
    "new_province_id": "14",
    "new_province_name": "Thành Phố Hải Phòng"
  },
  {
    "id": "1379366",
    "name": "Xã Quang Trung",
    "district_id": "3110",
    "district_name": "Huyện Tứ Kỳ",
    "province_id": "38",
    "province_name": "Tỉnh Hải Dương",
    "new_id": "8462",
    "new_name": "Xã Lạc Phượng",
    "new_province_id": "14",
    "new_province_name": "Thành Phố Hải Phòng"
  },
  {
    "id": "1444902",
    "name": "Xã Đại Sơn",
    "district_id": "3110",
    "district_name": "Huyện Tứ Kỳ",
    "province_id": "38",
    "province_name": "Tỉnh Hải Dương",
    "new_id": "9230",
    "new_name": "Xã Đại Sơn",
    "new_province_id": "14",
    "new_province_name": "Thành Phố Hải Phòng"
  },
  {
    "id": "1510438",
    "name": "Xã Chí Minh",
    "district_id": "3110",
    "district_name": "Huyện Tứ Kỳ",
    "province_id": "38",
    "province_name": "Tỉnh Hải Dương",
    "new_id": "22798",
    "new_name": "Xã Chí Minh",
    "new_province_id": "14",
    "new_province_name": "Thành Phố Hải Phòng"
  }
]