[
  {
    "id": "68662",
    "name": "Xã Thạch Đồng",
    "district_id": "3126",
    "district_name": "Huyện Thanh Thủy",
    "province_id": "54",
    "province_name": "Tỉnh Phú Thọ",
    "new_id": "32547",
    "new_name": "Xã Đào Xá",
    "new_province_id": "35",
    "new_province_name": "Tỉnh Phú Thọ"
  },
  {
    "id": "134198",
    "name": "Xã Đoan Hạ",
    "district_id": "3126",
    "district_name": "Huyện Thanh Thủy",
    "province_id": "54",
    "province_name": "Tỉnh Phú Thọ",
    "new_id": "32291",
    "new_name": "Xã Thanh Thủy",
    "new_province_id": "35",
    "new_province_name": "Tỉnh Phú Thọ"
  },
  {
    "id": "199734",
    "name": "Xã Đồng Trung",
    "district_id": "3126",
    "district_name": "Huyện Thanh Thủy",
    "province_id": "54",
    "province_name": "Tỉnh Phú Thọ",
    "new_id": "32803",
    "new_name": "Xã Tu Vũ",
    "new_province_id": "35",
    "new_province_name": "Tỉnh Phú Thọ"
  },
  {
    "id": "265270",
    "name": "Xã Bảo Yên",
    "district_id": "3126",
    "district_name": "Huyện Thanh Thủy",
    "province_id": "54",
    "province_name": "Tỉnh Phú Thọ",
    "new_id": "32291",
    "new_name": "Xã Thanh Thủy",
    "new_province_id": "35",
    "new_province_name": "Tỉnh Phú Thọ"
  },
  {
    "id": "330806",
    "name": "Xã Đào Xá",
    "district_id": "3126",
    "district_name": "Huyện Thanh Thủy",
    "province_id": "54",
    "province_name": "Tỉnh Phú Thọ",
    "new_id": "32547",
    "new_name": "Xã Đào Xá",
    "new_province_id": "35",
    "new_province_name": "Tỉnh Phú Thọ"
  },
  {
    "id": "396342",
    "name": "Xã Hoàng Xá",
    "district_id": "3126",
    "district_name": "Huyện Thanh Thủy",
    "province_id": "54",
    "province_name": "Tỉnh Phú Thọ",
    "new_id": "32803",
    "new_name": "Xã Tu Vũ",
    "new_province_id": "35",
    "new_province_name": "Tỉnh Phú Thọ"
  },
  {
    "id": "461878",
    "name": "Thị Trấn Thanh Thủy",
    "district_id": "3126",
    "district_name": "Huyện Thanh Thủy",
    "province_id": "54",
    "province_name": "Tỉnh Phú Thọ",
    "new_id": "32291",
    "new_name": "Xã Thanh Thủy",
    "new_province_id": "35",
    "new_province_name": "Tỉnh Phú Thọ"
  },
  {
    "id": "527414",
    "name": "Xã Sơn Thủy",
    "district_id": "3126",
    "district_name": "Huyện Thanh Thủy",
    "province_id": "54",
    "province_name": "Tỉnh Phú Thọ",
    "new_id": "32291",
    "new_name": "Xã Thanh Thủy",
    "new_province_id": "35",
    "new_province_name": "Tỉnh Phú Thọ"
  },
  {
    "id": "592950",
    "name": "Xã Tân Phương",
    "district_id": "3126",
    "district_name": "Huyện Thanh Thủy",
    "province_id": "54",
    "province_name": "Tỉnh Phú Thọ",
    "new_id": "32547",
    "new_name": "Xã Đào Xá",
    "new_province_id": "35",
    "new_province_name": "Tỉnh Phú Thọ"
  },
  {
    "id": "658486",
    "name": "Xã Tu Vũ",
    "district_id": "3126",
    "district_name": "Huyện Thanh Thủy",
    "province_id": "54",
    "province_name": "Tỉnh Phú Thọ",
    "new_id": "32803",
    "new_name": "Xã Tu Vũ",
    "new_province_id": "35",
    "new_province_name": "Tỉnh Phú Thọ"
  },
  {
    "id": "724022",
    "name": "Xã Xuân Lộc",
    "district_id": "3126",
    "district_name": "Huyện Thanh Thủy",
    "province_id": "54",
    "province_name": "Tỉnh Phú Thọ",
    "new_id": "32547",
    "new_name": "Xã Đào Xá",
    "new_province_id": "35",
    "new_province_name": "Tỉnh Phú Thọ"
  }
]