[
  {
    "id": "65849",
    "name": "Phường Tân An",
    "district_id": "313",
    "district_name": "Thành Phố Hội An",
    "province_id": "57",
    "province_name": "Tỉnh Quảng Nam",
    "new_id": "12813",
    "new_name": "Phường Hội An Tây",
    "new_province_id": "13",
    "new_province_name": "Thành Phố Đà Nẵng"
  },
  {
    "id": "131385",
    "name": "Phường Cẩm An",
    "district_id": "313",
    "district_name": "Thành Phố Hội An",
    "province_id": "57",
    "province_name": "Tỉnh Quảng Nam",
    "new_id": "12813",
    "new_name": "Phường Hội An Tây",
    "new_province_id": "13",
    "new_province_name": "Thành Phố Đà Nẵng"
  },
  {
    "id": "196921",
    "name": "Phường Cẩm Châu",
    "district_id": "313",
    "district_name": "Thành Phố Hội An",
    "province_id": "57",
    "province_name": "Tỉnh Quảng Nam",
    "new_id": "12557",
    "new_name": "Phường Hội An Đông",
    "new_province_id": "13",
    "new_province_name": "Thành Phố Đà Nẵng"
  },
  {
    "id": "262457",
    "name": "Phường Cẩm Nam",
    "district_id": "313",
    "district_name": "Thành Phố Hội An",
    "province_id": "57",
    "province_name": "Tỉnh Quảng Nam",
    "new_id": "12301",
    "new_name": "Phường Hội An",
    "new_province_id": "13",
    "new_province_name": "Thành Phố Đà Nẵng"
  },
  {
    "id": "327993",
    "name": "Phường Cẩm Phô",
    "district_id": "313",
    "district_name": "Thành Phố Hội An",
    "province_id": "57",
    "province_name": "Tỉnh Quảng Nam",
    "new_id": "12301",
    "new_name": "Phường Hội An",
    "new_province_id": "13",
    "new_province_name": "Thành Phố Đà Nẵng"
  },
  {
    "id": "393529",
    "name": "Phường Thanh Hà",
    "district_id": "313",
    "district_name": "Thành Phố Hội An",
    "province_id": "57",
    "province_name": "Tỉnh Quảng Nam",
    "new_id": "12813",
    "new_name": "Phường Hội An Tây",
    "new_province_id": "13",
    "new_province_name": "Thành Phố Đà Nẵng"
  },
  {
    "id": "459065",
    "name": "Xã Cẩm Hà",
    "district_id": "313",
    "district_name": "Thành Phố Hội An",
    "province_id": "57",
    "province_name": "Tỉnh Quảng Nam",
    "new_id": "12813",
    "new_name": "Phường Hội An Tây",
    "new_province_id": "13",
    "new_province_name": "Thành Phố Đà Nẵng"
  },
  {
    "id": "524601",
    "name": "Xã Cẩm Kim",
    "district_id": "313",
    "district_name": "Thành Phố Hội An",
    "province_id": "57",
    "province_name": "Tỉnh Quảng Nam",
    "new_id": "12301",
    "new_name": "Phường Hội An",
    "new_province_id": "13",
    "new_province_name": "Thành Phố Đà Nẵng"
  },
  {
    "id": "590137",
    "name": "Xã Cẩm Thanh",
    "district_id": "313",
    "district_name": "Thành Phố Hội An",
    "province_id": "57",
    "province_name": "Tỉnh Quảng Nam",
    "new_id": "12557",
    "new_name": "Phường Hội An Đông",
    "new_province_id": "13",
    "new_province_name": "Thành Phố Đà Nẵng"
  },
  {
    "id": "655673",
    "name": "Phường Cửa Đại",
    "district_id": "313",
    "district_name": "Thành Phố Hội An",
    "province_id": "57",
    "province_name": "Tỉnh Quảng Nam",
    "new_id": "12557",
    "new_name": "Phường Hội An Đông",
    "new_province_id": "13",
    "new_province_name": "Thành Phố Đà Nẵng"
  },
  {
    "id": "721209",
    "name": "Phường Minh An",
    "district_id": "313",
    "district_name": "Thành Phố Hội An",
    "province_id": "57",
    "province_name": "Tỉnh Quảng Nam",
    "new_id": "12301",
    "new_name": "Phường Hội An",
    "new_province_id": "13",
    "new_province_name": "Thành Phố Đà Nẵng"
  },
  {
    "id": "786745",
    "name": "Phường Sơn Phong",
    "district_id": "313",
    "district_name": "Thành Phố Hội An",
    "province_id": "57",
    "province_name": "Tỉnh Quảng Nam",
    "new_id": "12301",
    "new_name": "Phường Hội An",
    "new_province_id": "13",
    "new_province_name": "Thành Phố Đà Nẵng"
  },
  {
    "id": "852281",
    "name": "Xã Tân Hiệp",
    "district_id": "313",
    "district_name": "Thành Phố Hội An",
    "province_id": "57",
    "province_name": "Tỉnh Quảng Nam",
    "new_id": "1293",
    "new_name": "Xã Tân Hiệp",
    "new_province_id": "13",
    "new_province_name": "Thành Phố Đà Nẵng"
  }
]