[
  {
    "id": "65858",
    "name": "Phường Quảng Phú",
    "district_id": "322",
    "district_name": "Thành Phố Thanh Hóa",
    "province_id": "66",
    "province_name": "Tỉnh Thanh Hóa",
    "new_id": "9770",
    "new_name": "Phường Quảng Phú",
    "new_province_id": "42",
    "new_province_name": "Tỉnh Thanh Hóa"
  },
  {
    "id": "131394",
    "name": "Phường Quảng Tâm",
    "district_id": "322",
    "district_name": "Thành Phố Thanh Hóa",
    "province_id": "66",
    "province_name": "Tỉnh Thanh Hóa",
    "new_id": "9770",
    "new_name": "Phường Quảng Phú",
    "new_province_id": "42",
    "new_province_name": "Tỉnh Thanh Hóa"
  },
  {
    "id": "196930",
    "name": "Phường Quảng Thịnh",
    "district_id": "322",
    "district_name": "Thành Phố Thanh Hóa",
    "province_id": "66",
    "province_name": "Tỉnh Thanh Hóa",
    "new_id": "9770",
    "new_name": "Phường Quảng Phú",
    "new_province_id": "42",
    "new_province_name": "Tỉnh Thanh Hóa"
  },
  {
    "id": "262466",
    "name": "Phường Hoằng Quang",
    "district_id": "322",
    "district_name": "Thành Phố Thanh Hóa",
    "province_id": "66",
    "province_name": "Tỉnh Thanh Hóa",
    "new_id": "10538",
    "new_name": "Phường Nguyệt Viên",
    "new_province_id": "42",
    "new_province_name": "Tỉnh Thanh Hóa"
  },
  {
    "id": "328002",
    "name": "Phường Quảng Cát",
    "district_id": "322",
    "district_name": "Thành Phố Thanh Hóa",
    "province_id": "66",
    "province_name": "Tỉnh Thanh Hóa",
    "new_id": "9770",
    "new_name": "Phường Quảng Phú",
    "new_province_id": "42",
    "new_province_name": "Tỉnh Thanh Hóa"
  },
  {
    "id": "393538",
    "name": "Phường Quảng Đông",
    "district_id": "322",
    "district_name": "Thành Phố Thanh Hóa",
    "province_id": "66",
    "province_name": "Tỉnh Thanh Hóa",
    "new_id": "9770",
    "new_name": "Phường Quảng Phú",
    "new_province_id": "42",
    "new_province_name": "Tỉnh Thanh Hóa"
  },
  {
    "id": "459074",
    "name": "Phường Thiệu Dương",
    "district_id": "322",
    "district_name": "Thành Phố Thanh Hóa",
    "province_id": "66",
    "province_name": "Tỉnh Thanh Hóa",
    "new_id": "8746",
    "new_name": "Phường Hàm Rồng",
    "new_province_id": "42",
    "new_province_name": "Tỉnh Thanh Hóa"
  },
  {
    "id": "524610",
    "name": "Xã Thiệu Vân",
    "district_id": "322",
    "district_name": "Thành Phố Thanh Hóa",
    "province_id": "66",
    "province_name": "Tỉnh Thanh Hóa",
    "new_id": "10282",
    "new_name": "Phường Đông Tiến",
    "new_province_id": "42",
    "new_province_name": "Tỉnh Thanh Hóa"
  },
  {
    "id": "590146",
    "name": "Phường Quảng Thành",
    "district_id": "322",
    "district_name": "Thành Phố Thanh Hóa",
    "province_id": "66",
    "province_name": "Tỉnh Thanh Hóa",
    "new_id": "9770",
    "new_name": "Phường Quảng Phú",
    "new_province_id": "42",
    "new_province_name": "Tỉnh Thanh Hóa"
  },
  {
    "id": "655682",
    "name": "Phường Đông Thọ",
    "district_id": "322",
    "district_name": "Thành Phố Thanh Hóa",
    "province_id": "66",
    "province_name": "Tỉnh Thanh Hóa",
    "new_id": "8746",
    "new_name": "Phường Hàm Rồng",
    "new_province_id": "42",
    "new_province_name": "Tỉnh Thanh Hóa"
  },
  {
    "id": "721218",
    "name": "Phường Đông Vệ",
    "district_id": "322",
    "district_name": "Thành Phố Thanh Hóa",
    "province_id": "66",
    "province_name": "Tỉnh Thanh Hóa",
    "new_id": "41514",
    "new_name": "Phường Hạc Thành",
    "new_province_id": "42",
    "new_province_name": "Tỉnh Thanh Hóa"
  },
  {
    "id": "786754",
    "name": "Phường Hàm Rồng",
    "district_id": "322",
    "district_name": "Thành Phố Thanh Hóa",
    "province_id": "66",
    "province_name": "Tỉnh Thanh Hóa",
    "new_id": "8746",
    "new_name": "Phường Hàm Rồng",
    "new_province_id": "42",
    "new_province_name": "Tỉnh Thanh Hóa"
  },
  {
    "id": "852290",
    "name": "Phường Lam Sơn",
    "district_id": "322",
    "district_name": "Thành Phố Thanh Hóa",
    "province_id": "66",
    "province_name": "Tỉnh Thanh Hóa",
    "new_id": "41514",
    "new_name": "Phường Hạc Thành",
    "new_province_id": "42",
    "new_province_name": "Tỉnh Thanh Hóa"
  },
  {
    "id": "917826",
    "name": "Phường Nam Ngạn",
    "district_id": "322",
    "district_name": "Thành Phố Thanh Hóa",
    "province_id": "66",
    "province_name": "Tỉnh Thanh Hóa",
    "new_id": "8746",
    "new_name": "Phường Hàm Rồng",
    "new_province_id": "42",
    "new_province_name": "Tỉnh Thanh Hóa"
  },
  {
    "id": "983362",
    "name": "Phường Ba Đình",
    "district_id": "322",
    "district_name": "Thành Phố Thanh Hóa",
    "province_id": "66",
    "province_name": "Tỉnh Thanh Hóa",
    "new_id": "41514",
    "new_name": "Phường Hạc Thành",
    "new_province_id": "42",
    "new_province_name": "Tỉnh Thanh Hóa"
  },
  {
    "id": "1048898",
    "name": "Phường Điện Biên",
    "district_id": "322",
    "district_name": "Thành Phố Thanh Hóa",
    "province_id": "66",
    "province_name": "Tỉnh Thanh Hóa",
    "new_id": "41514",
    "new_name": "Phường Hạc Thành",
    "new_province_id": "42",
    "new_province_name": "Tỉnh Thanh Hóa"
  },
  {
    "id": "1114434",
    "name": "Phường Đông Sơn",
    "district_id": "322",
    "district_name": "Thành Phố Thanh Hóa",
    "province_id": "66",
    "province_name": "Tỉnh Thanh Hóa",
    "new_id": "41514",
    "new_name": "Phường Hạc Thành",
    "new_province_id": "42",
    "new_province_name": "Tỉnh Thanh Hóa"
  },
  {
    "id": "1179970",
    "name": "Phường Ngọc Trạo",
    "district_id": "322",
    "district_name": "Thành Phố Thanh Hóa",
    "province_id": "66",
    "province_name": "Tỉnh Thanh Hóa",
    "new_id": "41514",
    "new_name": "Phường Hạc Thành",
    "new_province_id": "42",
    "new_province_name": "Tỉnh Thanh Hóa"
  },
  {
    "id": "1245506",
    "name": "Phường Phú Sơn",
    "district_id": "322",
    "district_name": "Thành Phố Thanh Hóa",
    "province_id": "66",
    "province_name": "Tỉnh Thanh Hóa",
    "new_id": "41514",
    "new_name": "Phường Hạc Thành",
    "new_province_id": "42",
    "new_province_name": "Tỉnh Thanh Hóa"
  },
  {
    "id": "1376578",
    "name": "Phường Trường Thi",
    "district_id": "322",
    "district_name": "Thành Phố Thanh Hóa",
    "province_id": "66",
    "province_name": "Tỉnh Thanh Hóa",
    "new_id": "41514",
    "new_name": "Phường Hạc Thành",
    "new_province_id": "42",
    "new_province_name": "Tỉnh Thanh Hóa"
  },
  {
    "id": "1442114",
    "name": "Phường Đông Cương",
    "district_id": "322",
    "district_name": "Thành Phố Thanh Hóa",
    "province_id": "66",
    "province_name": "Tỉnh Thanh Hóa",
    "new_id": "8746",
    "new_name": "Phường Hàm Rồng",
    "new_province_id": "42",
    "new_province_name": "Tỉnh Thanh Hóa"
  },
  {
    "id": "1507650",
    "name": "Phường Đông Hải",
    "district_id": "322",
    "district_name": "Thành Phố Thanh Hóa",
    "province_id": "66",
    "province_name": "Tỉnh Thanh Hóa",
    "new_id": "41514",
    "new_name": "Phường Hạc Thành",
    "new_province_id": "42",
    "new_province_name": "Tỉnh Thanh Hóa"
  },
  {
    "id": "1573186",
    "name": "Phường Đông Hương",
    "district_id": "322",
    "district_name": "Thành Phố Thanh Hóa",
    "province_id": "66",
    "province_name": "Tỉnh Thanh Hóa",
    "new_id": "41514",
    "new_name": "Phường Hạc Thành",
    "new_province_id": "42",
    "new_province_name": "Tỉnh Thanh Hóa"
  },
  {
    "id": "1638722",
    "name": "Phường Quảng Hưng",
    "district_id": "322",
    "district_name": "Thành Phố Thanh Hóa",
    "province_id": "66",
    "province_name": "Tỉnh Thanh Hóa",
    "new_id": "9770",
    "new_name": "Phường Quảng Phú",
    "new_province_id": "42",
    "new_province_name": "Tỉnh Thanh Hóa"
  },
  {
    "id": "1704258",
    "name": "Phường Quảng Thắng",
    "district_id": "322",
    "district_name": "Thành Phố Thanh Hóa",
    "province_id": "66",
    "province_name": "Tỉnh Thanh Hóa",
    "new_id": "9514",
    "new_name": "Phường Đông Quang",
    "new_province_id": "42",
    "new_province_name": "Tỉnh Thanh Hóa"
  },
  {
    "id": "1769794",
    "name": "Phường Đông Lĩnh",
    "district_id": "322",
    "district_name": "Thành Phố Thanh Hóa",
    "province_id": "66",
    "province_name": "Tỉnh Thanh Hóa",
    "new_id": "10282",
    "new_name": "Phường Đông Tiến",
    "new_province_id": "42",
    "new_province_name": "Tỉnh Thanh Hóa"
  },
  {
    "id": "1835330",
    "name": "Phường Đông Tân",
    "district_id": "322",
    "district_name": "Thành Phố Thanh Hóa",
    "province_id": "66",
    "province_name": "Tỉnh Thanh Hóa",
    "new_id": "10026",
    "new_name": "Phường Đông Sơn",
    "new_province_id": "42",
    "new_province_name": "Tỉnh Thanh Hóa"
  },
  {
    "id": "1900866",
    "name": "Xã Đông Vinh",
    "district_id": "322",
    "district_name": "Thành Phố Thanh Hóa",
    "province_id": "66",
    "province_name": "Tỉnh Thanh Hóa",
    "new_id": "9514",
    "new_name": "Phường Đông Quang",
    "new_province_id": "42",
    "new_province_name": "Tỉnh Thanh Hóa"
  },
  {
    "id": "1966402",
    "name": "Phường Hoằng Đại",
    "district_id": "322",
    "district_name": "Thành Phố Thanh Hóa",
    "province_id": "66",
    "province_name": "Tỉnh Thanh Hóa",
    "new_id": "10538",
    "new_name": "Phường Nguyệt Viên",
    "new_province_id": "42",
    "new_province_name": "Tỉnh Thanh Hóa"
  },
  {
    "id": "2031938",
    "name": "Phường Tào Xuyên",
    "district_id": "322",
    "district_name": "Thành Phố Thanh Hóa",
    "province_id": "66",
    "province_name": "Tỉnh Thanh Hóa",
    "new_id": "10538",
    "new_name": "Phường Nguyệt Viên",
    "new_province_id": "42",
    "new_province_name": "Tỉnh Thanh Hóa"
  },
  {
    "id": "2097474",
    "name": "Phường Thiệu Khánh",
    "district_id": "322",
    "district_name": "Thành Phố Thanh Hóa",
    "province_id": "66",
    "province_name": "Tỉnh Thanh Hóa",
    "new_id": "10282",
    "new_name": "Phường Đông Tiến",
    "new_province_id": "42",
    "new_province_name": "Tỉnh Thanh Hóa"
  },
  {
    "id": "2163010",
    "name": "Phường An Hưng",
    "district_id": "322",
    "district_name": "Thành Phố Thanh Hóa",
    "province_id": "66",
    "province_name": "Tỉnh Thanh Hóa",
    "new_id": "9514",
    "new_name": "Phường Đông Quang",
    "new_province_id": "42",
    "new_province_name": "Tỉnh Thanh Hóa"
  },
  {
    "id": "2228546",
    "name": "Phường Long Anh",
    "district_id": "322",
    "district_name": "Thành Phố Thanh Hóa",
    "province_id": "66",
    "province_name": "Tỉnh Thanh Hóa",
    "new_id": "10538",
    "new_name": "Phường Nguyệt Viên",
    "new_province_id": "42",
    "new_province_name": "Tỉnh Thanh Hóa"
  },
  {
    "id": "2294082",
    "name": "Xã Đông Khê",
    "district_id": "322",
    "district_name": "Thành Phố Thanh Hóa",
    "province_id": "66",
    "province_name": "Tỉnh Thanh Hóa",
    "new_id": "10026",
    "new_name": "Phường Đông Sơn",
    "new_province_id": "42",
    "new_province_name": "Tỉnh Thanh Hóa"
  },
  {
    "id": "2359618",
    "name": "Xã Đông Ninh",
    "district_id": "322",
    "district_name": "Thành Phố Thanh Hóa",
    "province_id": "66",
    "province_name": "Tỉnh Thanh Hóa",
    "new_id": "10026",
    "new_name": "Phường Đông Sơn",
    "new_province_id": "42",
    "new_province_name": "Tỉnh Thanh Hóa"
  },
  {
    "id": "2425154",
    "name": "Xã Đông Phú",
    "district_id": "322",
    "district_name": "Thành Phố Thanh Hóa",
    "province_id": "66",
    "province_name": "Tỉnh Thanh Hóa",
    "new_id": "9514",
    "new_name": "Phường Đông Quang",
    "new_province_id": "42",
    "new_province_name": "Tỉnh Thanh Hóa"
  },
  {
    "id": "2490690",
    "name": "Phường Rừng Thông",
    "district_id": "322",
    "district_name": "Thành Phố Thanh Hóa",
    "province_id": "66",
    "province_name": "Tỉnh Thanh Hóa",
    "new_id": "10026",
    "new_name": "Phường Đông Sơn",
    "new_province_id": "42",
    "new_province_name": "Tỉnh Thanh Hóa"
  },
  {
    "id": "2556226",
    "name": "Xã Đông Hòa",
    "district_id": "322",
    "district_name": "Thành Phố Thanh Hóa",
    "province_id": "66",
    "province_name": "Tỉnh Thanh Hóa",
    "new_id": "10026",
    "new_name": "Phường Đông Sơn",
    "new_province_id": "42",
    "new_province_name": "Tỉnh Thanh Hóa"
  },
  {
    "id": "2621762",
    "name": "Xã Đông Hoàng",
    "district_id": "322",
    "district_name": "Thành Phố Thanh Hóa",
    "province_id": "66",
    "province_name": "Tỉnh Thanh Hóa",
    "new_id": "10026",
    "new_name": "Phường Đông Sơn",
    "new_province_id": "42",
    "new_province_name": "Tỉnh Thanh Hóa"
  },
  {
    "id": "2687298",
    "name": "Xã Đông Minh",
    "district_id": "322",
    "district_name": "Thành Phố Thanh Hóa",
    "province_id": "66",
    "province_name": "Tỉnh Thanh Hóa",
    "new_id": "10026",
    "new_name": "Phường Đông Sơn",
    "new_province_id": "42",
    "new_province_name": "Tỉnh Thanh Hóa"
  },
  {
    "id": "2752834",
    "name": "Xã Đông Nam",
    "district_id": "322",
    "district_name": "Thành Phố Thanh Hóa",
    "province_id": "66",
    "province_name": "Tỉnh Thanh Hóa",
    "new_id": "9514",
    "new_name": "Phường Đông Quang",
    "new_province_id": "42",
    "new_province_name": "Tỉnh Thanh Hóa"
  },
  {
    "id": "2818370",
    "name": "Xã Đông Quang",
    "district_id": "322",
    "district_name": "Thành Phố Thanh Hóa",
    "province_id": "66",
    "province_name": "Tỉnh Thanh Hóa",
    "new_id": "9514",
    "new_name": "Phường Đông Quang",
    "new_province_id": "42",
    "new_province_name": "Tỉnh Thanh Hóa"
  },
  {
    "id": "2883906",
    "name": "Xã Đông Thanh",
    "district_id": "322",
    "district_name": "Thành Phố Thanh Hóa",
    "province_id": "66",
    "province_name": "Tỉnh Thanh Hóa",
    "new_id": "10282",
    "new_name": "Phường Đông Tiến",
    "new_province_id": "42",
    "new_province_name": "Tỉnh Thanh Hóa"
  },
  {
    "id": "2949442",
    "name": "Phường Đông Thịnh",
    "district_id": "322",
    "district_name": "Thành Phố Thanh Hóa",
    "province_id": "66",
    "province_name": "Tỉnh Thanh Hóa",
    "new_id": "10026",
    "new_name": "Phường Đông Sơn",
    "new_province_id": "42",
    "new_province_name": "Tỉnh Thanh Hóa"
  },
  {
    "id": "3014978",
    "name": "Xã Đông Tiến",
    "district_id": "322",
    "district_name": "Thành Phố Thanh Hóa",
    "province_id": "66",
    "province_name": "Tỉnh Thanh Hóa",
    "new_id": "10282",
    "new_name": "Phường Đông Tiến",
    "new_province_id": "42",
    "new_province_name": "Tỉnh Thanh Hóa"
  },
  {
    "id": "3080514",
    "name": "Xã Đông Văn",
    "district_id": "322",
    "district_name": "Thành Phố Thanh Hóa",
    "province_id": "66",
    "province_name": "Tỉnh Thanh Hóa",
    "new_id": "9514",
    "new_name": "Phường Đông Quang",
    "new_province_id": "42",
    "new_province_name": "Tỉnh Thanh Hóa"
  },
  {
    "id": "3146050",
    "name": "Xã Đông Yên",
    "district_id": "322",
    "district_name": "Thành Phố Thanh Hóa",
    "province_id": "66",
    "province_name": "Tỉnh Thanh Hóa",
    "new_id": "9514",
    "new_name": "Phường Đông Quang",
    "new_province_id": "42",
    "new_province_name": "Tỉnh Thanh Hóa"
  }
]