[
  {
    "id": "68875",
    "name": "Phường Ngô Quyền",
    "district_id": "3339",
    "district_name": "Thị Xã Sơn Tây",
    "province_id": "11",
    "province_name": "Thành Phố Hà Nội",
    "new_id": "28427",
    "new_name": "Phường Sơn Tây",
    "new_province_id": "11",
    "new_province_name": "Thành Phố Hà Nội"
  },
  {
    "id": "134411",
    "name": "Phường Phú Thịnh",
    "district_id": "3339",
    "district_name": "Thị Xã Sơn Tây",
    "province_id": "11",
    "province_name": "Thành Phố Hà Nội",
    "new_id": "28427",
    "new_name": "Phường Sơn Tây",
    "new_province_id": "11",
    "new_province_name": "Thành Phố Hà Nội"
  },
  {
    "id": "265483",
    "name": "Phường Sơn Lộc",
    "district_id": "3339",
    "district_name": "Thị Xã Sơn Tây",
    "province_id": "11",
    "province_name": "Thành Phố Hà Nội",
    "new_id": "2827",
    "new_name": "Phường Tùng Thiện",
    "new_province_id": "11",
    "new_province_name": "Thành Phố Hà Nội"
  },
  {
    "id": "331019",
    "name": "Phường Trung Hưng",
    "district_id": "3339",
    "district_name": "Thị Xã Sơn Tây",
    "province_id": "11",
    "province_name": "Thành Phố Hà Nội",
    "new_id": "28427",
    "new_name": "Phường Sơn Tây",
    "new_province_id": "11",
    "new_province_name": "Thành Phố Hà Nội"
  },
  {
    "id": "396555",
    "name": "Phường Trung Sơn Trầm",
    "district_id": "3339",
    "district_name": "Thị Xã Sơn Tây",
    "province_id": "11",
    "province_name": "Thành Phố Hà Nội",
    "new_id": "2827",
    "new_name": "Phường Tùng Thiện",
    "new_province_id": "11",
    "new_province_name": "Thành Phố Hà Nội"
  },
  {
    "id": "462091",
    "name": "Phường Viên Sơn",
    "district_id": "3339",
    "district_name": "Thị Xã Sơn Tây",
    "province_id": "11",
    "province_name": "Thành Phố Hà Nội",
    "new_id": "28427",
    "new_name": "Phường Sơn Tây",
    "new_province_id": "11",
    "new_province_name": "Thành Phố Hà Nội"
  },
  {
    "id": "527627",
    "name": "Xã Cổ Đông",
    "district_id": "3339",
    "district_name": "Thị Xã Sơn Tây",
    "province_id": "11",
    "province_name": "Thành Phố Hà Nội",
    "new_id": "3083",
    "new_name": "Xã Đoài Phương",
    "new_province_id": "11",
    "new_province_name": "Thành Phố Hà Nội"
  },
  {
    "id": "593163",
    "name": "Xã Đường Lâm",
    "district_id": "3339",
    "district_name": "Thị Xã Sơn Tây",
    "province_id": "11",
    "province_name": "Thành Phố Hà Nội",
    "new_id": "28427",
    "new_name": "Phường Sơn Tây",
    "new_province_id": "11",
    "new_province_name": "Thành Phố Hà Nội"
  },
  {
    "id": "658699",
    "name": "Xã Kim Sơn",
    "district_id": "3339",
    "district_name": "Thị Xã Sơn Tây",
    "province_id": "11",
    "province_name": "Thành Phố Hà Nội",
    "new_id": "3083",
    "new_name": "Xã Đoài Phương",
    "new_province_id": "11",
    "new_province_name": "Thành Phố Hà Nội"
  },
  {
    "id": "724235",
    "name": "Xã Sơn Đông",
    "district_id": "3339",
    "district_name": "Thị Xã Sơn Tây",
    "province_id": "11",
    "province_name": "Thành Phố Hà Nội",
    "new_id": "3083",
    "new_name": "Xã Đoài Phương",
    "new_province_id": "11",
    "new_province_name": "Thành Phố Hà Nội"
  },
  {
    "id": "789771",
    "name": "Xã Thanh Mỹ",
    "district_id": "3339",
    "district_name": "Thị Xã Sơn Tây",
    "province_id": "11",
    "province_name": "Thành Phố Hà Nội",
    "new_id": "2827",
    "new_name": "Phường Tùng Thiện",
    "new_province_id": "11",
    "new_province_name": "Thành Phố Hà Nội"
  },
  {
    "id": "855307",
    "name": "Xã Xuân Sơn",
    "district_id": "3339",
    "district_name": "Thị Xã Sơn Tây",
    "province_id": "11",
    "province_name": "Thành Phố Hà Nội",
    "new_id": "2827",
    "new_name": "Phường Tùng Thiện",
    "new_province_id": "11",
    "new_province_name": "Thành Phố Hà Nội"
  },
  {
    "id": "986379",
    "name": "Phường Xuân Khanh",
    "district_id": "3339",
    "district_name": "Thị Xã Sơn Tây",
    "province_id": "11",
    "province_name": "Thành Phố Hà Nội",
    "new_id": "2827",
    "new_name": "Phường Tùng Thiện",
    "new_province_id": "11",
    "new_province_name": "Thành Phố Hà Nội"
  }
]