[
  {
    "id": "134413",
    "name": "Phường Tam Hưng",
    "district_id": "3341",
    "district_name": "Thành Phố Thủy Nguyên",
    "province_id": "13",
    "province_name": "Thành Phố Hải Phòng",
    "new_id": "12558",
    "new_name": "Phường Nam Triệu",
    "new_province_id": "14",
    "new_province_name": "Thành Phố Hải Phòng"
  },
  {
    "id": "199949",
    "name": "Phường Dương Quan",
    "district_id": "3341",
    "district_name": "Thành Phố Thủy Nguyên",
    "province_id": "13",
    "province_name": "Thành Phố Hải Phòng",
    "new_id": "26126",
    "new_name": "Phường Thủy Nguyên",
    "new_province_id": "14",
    "new_province_name": "Thành Phố Hải Phòng"
  },
  {
    "id": "265485",
    "name": "Phường Thiên Hương",
    "district_id": "3341",
    "district_name": "Thành Phố Thủy Nguyên",
    "province_id": "13",
    "province_name": "Thành Phố Hải Phòng",
    "new_id": "11790",
    "new_name": "Phường Thiên Hương",
    "new_province_id": "14",
    "new_province_name": "Thành Phố Hải Phòng"
  },
  {
    "id": "462093",
    "name": "Phường Thủy Hà",
    "district_id": "3341",
    "district_name": "Thành Phố Thủy Nguyên",
    "province_id": "13",
    "province_name": "Thành Phố Hải Phòng",
    "new_id": "12302",
    "new_name": "Phường Hòa Bình",
    "new_province_id": "14",
    "new_province_name": "Thành Phố Hải Phòng"
  },
  {
    "id": "593165",
    "name": "Xã Bạch Đằng",
    "district_id": "3341",
    "district_name": "Thành Phố Thủy Nguyên",
    "province_id": "13",
    "province_name": "Thành Phố Hải Phòng",
    "new_id": "17678",
    "new_name": "Phường Bạch Đằng",
    "new_province_id": "14",
    "new_province_name": "Thành Phố Hải Phòng"
  },
  {
    "id": "658701",
    "name": "Phường Hòa Bình",
    "district_id": "3341",
    "district_name": "Thành Phố Thủy Nguyên",
    "province_id": "13",
    "province_name": "Thành Phố Hải Phòng",
    "new_id": "12302",
    "new_name": "Phường Hòa Bình",
    "new_province_id": "14",
    "new_province_name": "Thành Phố Hải Phòng"
  },
  {
    "id": "724237",
    "name": "Phường Hoa Động",
    "district_id": "3341",
    "district_name": "Thành Phố Thủy Nguyên",
    "province_id": "13",
    "province_name": "Thành Phố Hải Phòng",
    "new_id": "11790",
    "new_name": "Phường Thiên Hương",
    "new_province_id": "14",
    "new_province_name": "Thành Phố Hải Phòng"
  },
  {
    "id": "1051917",
    "name": "Phường Lê Hồng Phong",
    "district_id": "3341",
    "district_name": "Thành Phố Thủy Nguyên",
    "province_id": "13",
    "province_name": "Thành Phố Hải Phòng",
    "new_id": "11790",
    "new_name": "Phường Thiên Hương",
    "new_province_id": "14",
    "new_province_name": "Thành Phố Hải Phòng"
  },
  {
    "id": "1248525",
    "name": "Phường Hoàng Lâm",
    "district_id": "3341",
    "district_name": "Thành Phố Thủy Nguyên",
    "province_id": "13",
    "province_name": "Thành Phố Hải Phòng",
    "new_id": "11790",
    "new_name": "Phường Thiên Hương",
    "new_province_id": "14",
    "new_province_name": "Thành Phố Hải Phòng"
  },
  {
    "id": "1314061",
    "name": "Phường Lập Lễ",
    "district_id": "3341",
    "district_name": "Thành Phố Thủy Nguyên",
    "province_id": "13",
    "province_name": "Thành Phố Hải Phòng",
    "new_id": "12558",
    "new_name": "Phường Nam Triệu",
    "new_province_id": "14",
    "new_province_name": "Thành Phố Hải Phòng"
  },
  {
    "id": "1379597",
    "name": "Xã Liên Xuân",
    "district_id": "3341",
    "district_name": "Thành Phố Thủy Nguyên",
    "province_id": "13",
    "province_name": "Thành Phố Hải Phòng",
    "new_id": "12046",
    "new_name": "Phường Lưu Kiếm",
    "new_province_id": "14",
    "new_province_name": "Thành Phố Hải Phòng"
  },
  {
    "id": "1445133",
    "name": "Phường Lưu Kiếm",
    "district_id": "3341",
    "district_name": "Thành Phố Thủy Nguyên",
    "province_id": "13",
    "province_name": "Thành Phố Hải Phòng",
    "new_id": "12046",
    "new_name": "Phường Lưu Kiếm",
    "new_province_id": "14",
    "new_province_name": "Thành Phố Hải Phòng"
  },
  {
    "id": "1641741",
    "name": "Phường Phạm Ngũ Lão",
    "district_id": "3341",
    "district_name": "Thành Phố Thủy Nguyên",
    "province_id": "13",
    "province_name": "Thành Phố Hải Phòng",
    "new_id": "17678",
    "new_name": "Phường Bạch Đằng",
    "new_province_id": "14",
    "new_province_name": "Thành Phố Hải Phòng"
  },
  {
    "id": "1707277",
    "name": "Phường Minh Đức",
    "district_id": "3341",
    "district_name": "Thành Phố Thủy Nguyên",
    "province_id": "13",
    "province_name": "Thành Phố Hải Phòng",
    "new_id": "17678",
    "new_name": "Phường Bạch Đằng",
    "new_province_id": "14",
    "new_province_name": "Thành Phố Hải Phòng"
  },
  {
    "id": "1772813",
    "name": "Phường Thủy Đường",
    "district_id": "3341",
    "district_name": "Thành Phố Thủy Nguyên",
    "province_id": "13",
    "province_name": "Thành Phố Hải Phòng",
    "new_id": "26126",
    "new_name": "Phường Thủy Nguyên",
    "new_province_id": "14",
    "new_province_name": "Thành Phố Hải Phòng"
  },
  {
    "id": "1838349",
    "name": "Phường An Lư",
    "district_id": "3341",
    "district_name": "Thành Phố Thủy Nguyên",
    "province_id": "13",
    "province_name": "Thành Phố Hải Phòng",
    "new_id": "12302",
    "new_name": "Phường Hòa Bình",
    "new_province_id": "14",
    "new_province_name": "Thành Phố Hải Phòng"
  },
  {
    "id": "1969421",
    "name": "Xã Quang Trung",
    "district_id": "3341",
    "district_name": "Thành Phố Thủy Nguyên",
    "province_id": "13",
    "province_name": "Thành Phố Hải Phòng",
    "new_id": "13070",
    "new_name": "Phường Lê Ích Mộc",
    "new_province_id": "14",
    "new_province_name": "Thành Phố Hải Phòng"
  },
  {
    "id": "2100493",
    "name": "Phường Trần Hưng Đạo",
    "district_id": "3341",
    "district_name": "Thành Phố Thủy Nguyên",
    "province_id": "13",
    "province_name": "Thành Phố Hải Phòng",
    "new_id": "12046",
    "new_name": "Phường Lưu Kiếm",
    "new_province_id": "14",
    "new_province_name": "Thành Phố Hải Phòng"
  },
  {
    "id": "2231565",
    "name": "Phường Nam Triệu Giang",
    "district_id": "3341",
    "district_name": "Thành Phố Thủy Nguyên",
    "province_id": "13",
    "province_name": "Thành Phố Hải Phòng",
    "new_id": "12558",
    "new_name": "Phường Nam Triệu",
    "new_province_id": "14",
    "new_province_name": "Thành Phố Hải Phòng"
  },
  {
    "id": "2297101",
    "name": "Xã Ninh Sơn",
    "district_id": "3341",
    "district_name": "Thành Phố Thủy Nguyên",
    "province_id": "13",
    "province_name": "Thành Phố Hải Phòng",
    "new_id": "12814",
    "new_name": "Xã Việt Khê",
    "new_province_id": "14",
    "new_province_name": "Thành Phố Hải Phòng"
  },
  {
    "id": "2428173",
    "name": "Phường Quảng Thanh",
    "district_id": "3341",
    "district_name": "Thành Phố Thủy Nguyên",
    "province_id": "13",
    "province_name": "Thành Phố Hải Phòng",
    "new_id": "13070",
    "new_name": "Phường Lê Ích Mộc",
    "new_province_id": "14",
    "new_province_name": "Thành Phố Hải Phòng"
  }
]