[
  {
    "id": "135179",
    "name": "Thị Trấn Trâu Quỳ",
    "district_id": "4107",
    "district_name": "Huyện Gia Lâm",
    "province_id": "11",
    "province_name": "Thành Phố Hà Nội",
    "new_id": "3339",
    "new_name": "Xã Gia Lâm",
    "new_province_id": "11",
    "new_province_name": "Thành Phố Hà Nội"
  },
  {
    "id": "200715",
    "name": "Thị Trấn Yên Viên",
    "district_id": "4107",
    "district_name": "Huyện Gia Lâm",
    "province_id": "11",
    "province_name": "Thành Phố Hà Nội",
    "new_id": "15371",
    "new_name": "Xã Phù Đổng",
    "new_province_id": "11",
    "new_province_name": "Thành Phố Hà Nội"
  },
  {
    "id": "266251",
    "name": "Xã Bát Tràng",
    "district_id": "4107",
    "district_name": "Huyện Gia Lâm",
    "province_id": "11",
    "province_name": "Thành Phố Hà Nội",
    "new_id": "27403",
    "new_name": "Xã Bát Tràng",
    "new_province_id": "11",
    "new_province_name": "Thành Phố Hà Nội"
  },
  {
    "id": "331787",
    "name": "Xã Cổ Bi",
    "district_id": "4107",
    "district_name": "Huyện Gia Lâm",
    "province_id": "11",
    "province_name": "Thành Phố Hà Nội",
    "new_id": "3339",
    "new_name": "Xã Gia Lâm",
    "new_province_id": "11",
    "new_province_name": "Thành Phố Hà Nội"
  },
  {
    "id": "397323",
    "name": "Xã Đa Tốn",
    "district_id": "4107",
    "district_name": "Huyện Gia Lâm",
    "province_id": "11",
    "province_name": "Thành Phố Hà Nội",
    "new_id": "3339",
    "new_name": "Xã Gia Lâm",
    "new_province_id": "11",
    "new_province_name": "Thành Phố Hà Nội"
  },
  {
    "id": "462859",
    "name": "Xã Đặng Xá",
    "district_id": "4107",
    "district_name": "Huyện Gia Lâm",
    "province_id": "11",
    "province_name": "Thành Phố Hà Nội",
    "new_id": "3339",
    "new_name": "Xã Gia Lâm",
    "new_province_id": "11",
    "new_province_name": "Thành Phố Hà Nội"
  },
  {
    "id": "593931",
    "name": "Xã Yên Thường",
    "district_id": "4107",
    "district_name": "Huyện Gia Lâm",
    "province_id": "11",
    "province_name": "Thành Phố Hà Nội",
    "new_id": "15371",
    "new_name": "Xã Phù Đổng",
    "new_province_id": "11",
    "new_province_name": "Thành Phố Hà Nội"
  },
  {
    "id": "725003",
    "name": "Xã Thiên Đức",
    "district_id": "4107",
    "district_name": "Huyện Gia Lâm",
    "province_id": "11",
    "province_name": "Thành Phố Hà Nội",
    "new_id": "15371",
    "new_name": "Xã Phù Đổng",
    "new_province_id": "11",
    "new_province_name": "Thành Phố Hà Nội"
  },
  {
    "id": "790539",
    "name": "Xã Dương Quang",
    "district_id": "4107",
    "district_name": "Huyện Gia Lâm",
    "province_id": "11",
    "province_name": "Thành Phố Hà Nội",
    "new_id": "27659",
    "new_name": "Xã Thuận An",
    "new_province_id": "11",
    "new_province_name": "Thành Phố Hà Nội"
  },
  {
    "id": "856075",
    "name": "Xã Dương Xá",
    "district_id": "4107",
    "district_name": "Huyện Gia Lâm",
    "province_id": "11",
    "province_name": "Thành Phố Hà Nội",
    "new_id": "3339",
    "new_name": "Xã Gia Lâm",
    "new_province_id": "11",
    "new_province_name": "Thành Phố Hà Nội"
  },
  {
    "id": "921611",
    "name": "Xã Kiêu Kỵ",
    "district_id": "4107",
    "district_name": "Huyện Gia Lâm",
    "province_id": "11",
    "province_name": "Thành Phố Hà Nội",
    "new_id": "3339",
    "new_name": "Xã Gia Lâm",
    "new_province_id": "11",
    "new_province_name": "Thành Phố Hà Nội"
  },
  {
    "id": "987147",
    "name": "Xã Phú Sơn",
    "district_id": "4107",
    "district_name": "Huyện Gia Lâm",
    "province_id": "11",
    "province_name": "Thành Phố Hà Nội",
    "new_id": "27659",
    "new_name": "Xã Thuận An",
    "new_province_id": "11",
    "new_province_name": "Thành Phố Hà Nội"
  },
  {
    "id": "1052683",
    "name": "Xã Lệ Chi",
    "district_id": "4107",
    "district_name": "Huyện Gia Lâm",
    "province_id": "11",
    "province_name": "Thành Phố Hà Nội",
    "new_id": "27659",
    "new_name": "Xã Thuận An",
    "new_province_id": "11",
    "new_province_name": "Thành Phố Hà Nội"
  },
  {
    "id": "1118219",
    "name": "Xã Ninh Hiệp",
    "district_id": "4107",
    "district_name": "Huyện Gia Lâm",
    "province_id": "11",
    "province_name": "Thành Phố Hà Nội",
    "new_id": "15371",
    "new_name": "Xã Phù Đổng",
    "new_province_id": "11",
    "new_province_name": "Thành Phố Hà Nội"
  },
  {
    "id": "1183755",
    "name": "Xã Phù Đổng",
    "district_id": "4107",
    "district_name": "Huyện Gia Lâm",
    "province_id": "11",
    "province_name": "Thành Phố Hà Nội",
    "new_id": "15371",
    "new_name": "Xã Phù Đổng",
    "new_province_id": "11",
    "new_province_name": "Thành Phố Hà Nội"
  },
  {
    "id": "1380363",
    "name": "Xã Yên Viên",
    "district_id": "4107",
    "district_name": "Huyện Gia Lâm",
    "province_id": "11",
    "province_name": "Thành Phố Hà Nội",
    "new_id": "15371",
    "new_name": "Xã Phù Đổng",
    "new_province_id": "11",
    "new_province_name": "Thành Phố Hà Nội"
  },
  {
    "id": "1445899",
    "name": "Xã Kim Đức",
    "district_id": "4107",
    "district_name": "Huyện Gia Lâm",
    "province_id": "11",
    "province_name": "Thành Phố Hà Nội",
    "new_id": "27403",
    "new_name": "Xã Bát Tràng",
    "new_province_id": "11",
    "new_province_name": "Thành Phố Hà Nội"
  }
]