[
  {
    "id": "69899",
    "name": "Xã Minh Khai",
    "district_id": "4363",
    "district_name": "Huyện Hoài Đức",
    "province_id": "11",
    "province_name": "Thành Phố Hà Nội",
    "new_id": "7947",
    "new_name": "Xã Dương Hòa",
    "new_province_id": "11",
    "new_province_name": "Thành Phố Hà Nội"
  },
  {
    "id": "135435",
    "name": "Xã Đức Giang",
    "district_id": "4363",
    "district_name": "Huyện Hoài Đức",
    "province_id": "11",
    "province_name": "Thành Phố Hà Nội",
    "new_id": "15627",
    "new_name": "Xã Hoài Đức",
    "new_province_id": "11",
    "new_province_name": "Thành Phố Hà Nội"
  },
  {
    "id": "200971",
    "name": "Xã Đức Thượng",
    "district_id": "4363",
    "district_name": "Huyện Hoài Đức",
    "province_id": "11",
    "province_name": "Thành Phố Hà Nội",
    "new_id": "15627",
    "new_name": "Xã Hoài Đức",
    "new_province_id": "11",
    "new_province_name": "Thành Phố Hà Nội"
  },
  {
    "id": "266507",
    "name": "Xã Dương Liễu",
    "district_id": "4363",
    "district_name": "Huyện Hoài Đức",
    "province_id": "11",
    "province_name": "Thành Phố Hà Nội",
    "new_id": "7947",
    "new_name": "Xã Dương Hòa",
    "new_province_id": "11",
    "new_province_name": "Thành Phố Hà Nội"
  },
  {
    "id": "332043",
    "name": "Xã Kim Chung",
    "district_id": "4363",
    "district_name": "Huyện Hoài Đức",
    "province_id": "11",
    "province_name": "Thành Phố Hà Nội",
    "new_id": "15627",
    "new_name": "Xã Hoài Đức",
    "new_province_id": "11",
    "new_province_name": "Thành Phố Hà Nội"
  },
  {
    "id": "397579",
    "name": "Xã La Phù",
    "district_id": "4363",
    "district_name": "Huyện Hoài Đức",
    "province_id": "11",
    "province_name": "Thành Phố Hà Nội",
    "new_id": "15883",
    "new_name": "Xã An Khánh",
    "new_province_id": "11",
    "new_province_name": "Thành Phố Hà Nội"
  },
  {
    "id": "463115",
    "name": "Xã Lại Yên",
    "district_id": "4363",
    "district_name": "Huyện Hoài Đức",
    "province_id": "11",
    "province_name": "Thành Phố Hà Nội",
    "new_id": "16395",
    "new_name": "Xã Sơn Đồng",
    "new_province_id": "11",
    "new_province_name": "Thành Phố Hà Nội"
  },
  {
    "id": "528651",
    "name": "Xã Song Phương",
    "district_id": "4363",
    "district_name": "Huyện Hoài Đức",
    "province_id": "11",
    "province_name": "Thành Phố Hà Nội",
    "new_id": "15883",
    "new_name": "Xã An Khánh",
    "new_province_id": "11",
    "new_province_name": "Thành Phố Hà Nội"
  },
  {
    "id": "594187",
    "name": "Xã Tiền Yên",
    "district_id": "4363",
    "district_name": "Huyện Hoài Đức",
    "province_id": "11",
    "province_name": "Thành Phố Hà Nội",
    "new_id": "16395",
    "new_name": "Xã Sơn Đồng",
    "new_province_id": "11",
    "new_province_name": "Thành Phố Hà Nội"
  },
  {
    "id": "659723",
    "name": "Xã Vân Canh",
    "district_id": "4363",
    "district_name": "Huyện Hoài Đức",
    "province_id": "11",
    "province_name": "Thành Phố Hà Nội",
    "new_id": "16395",
    "new_name": "Xã Sơn Đồng",
    "new_province_id": "11",
    "new_province_name": "Thành Phố Hà Nội"
  },
  {
    "id": "725259",
    "name": "Xã Vân Côn",
    "district_id": "4363",
    "district_name": "Huyện Hoài Đức",
    "province_id": "11",
    "province_name": "Thành Phố Hà Nội",
    "new_id": "15883",
    "new_name": "Xã An Khánh",
    "new_province_id": "11",
    "new_province_name": "Thành Phố Hà Nội"
  },
  {
    "id": "790795",
    "name": "Xã Yên Sở",
    "district_id": "4363",
    "district_name": "Huyện Hoài Đức",
    "province_id": "11",
    "province_name": "Thành Phố Hà Nội",
    "new_id": "7947",
    "new_name": "Xã Dương Hòa",
    "new_province_id": "11",
    "new_province_name": "Thành Phố Hà Nội"
  },
  {
    "id": "856331",
    "name": "Thị Trấn Trạm Trôi",
    "district_id": "4363",
    "district_name": "Huyện Hoài Đức",
    "province_id": "11",
    "province_name": "Thành Phố Hà Nội",
    "new_id": "15627",
    "new_name": "Xã Hoài Đức",
    "new_province_id": "11",
    "new_province_name": "Thành Phố Hà Nội"
  },
  {
    "id": "921867",
    "name": "Xã An Khánh",
    "district_id": "4363",
    "district_name": "Huyện Hoài Đức",
    "province_id": "11",
    "province_name": "Thành Phố Hà Nội",
    "new_id": "15883",
    "new_name": "Xã An Khánh",
    "new_province_id": "11",
    "new_province_name": "Thành Phố Hà Nội"
  },
  {
    "id": "987403",
    "name": "Xã An Thượng",
    "district_id": "4363",
    "district_name": "Huyện Hoài Đức",
    "province_id": "11",
    "province_name": "Thành Phố Hà Nội",
    "new_id": "15883",
    "new_name": "Xã An Khánh",
    "new_province_id": "11",
    "new_province_name": "Thành Phố Hà Nội"
  },
  {
    "id": "1052939",
    "name": "Xã Cát Quế",
    "district_id": "4363",
    "district_name": "Huyện Hoài Đức",
    "province_id": "11",
    "province_name": "Thành Phố Hà Nội",
    "new_id": "7947",
    "new_name": "Xã Dương Hòa",
    "new_province_id": "11",
    "new_province_name": "Thành Phố Hà Nội"
  },
  {
    "id": "1118475",
    "name": "Xã Đắc Sở",
    "district_id": "4363",
    "district_name": "Huyện Hoài Đức",
    "province_id": "11",
    "province_name": "Thành Phố Hà Nội",
    "new_id": "7947",
    "new_name": "Xã Dương Hòa",
    "new_province_id": "11",
    "new_province_name": "Thành Phố Hà Nội"
  },
  {
    "id": "1184011",
    "name": "Xã Đông La",
    "district_id": "4363",
    "district_name": "Huyện Hoài Đức",
    "province_id": "11",
    "province_name": "Thành Phố Hà Nội",
    "new_id": "15883",
    "new_name": "Xã An Khánh",
    "new_province_id": "11",
    "new_province_name": "Thành Phố Hà Nội"
  },
  {
    "id": "1249547",
    "name": "Xã Di Trạch",
    "district_id": "4363",
    "district_name": "Huyện Hoài Đức",
    "province_id": "11",
    "province_name": "Thành Phố Hà Nội",
    "new_id": "15627",
    "new_name": "Xã Hoài Đức",
    "new_province_id": "11",
    "new_province_name": "Thành Phố Hà Nội"
  },
  {
    "id": "1315083",
    "name": "Xã Sơn Đồng",
    "district_id": "4363",
    "district_name": "Huyện Hoài Đức",
    "province_id": "11",
    "province_name": "Thành Phố Hà Nội",
    "new_id": "16395",
    "new_name": "Xã Sơn Đồng",
    "new_province_id": "11",
    "new_province_name": "Thành Phố Hà Nội"
  }
]