[
  {
    "id": "69945",
    "name": "Thị Trấn Hà Lam",
    "district_id": "4409",
    "district_name": "Huyện Thăng Bình",
    "province_id": "57",
    "province_name": "Tỉnh Quảng Nam",
    "new_id": "6925",
    "new_name": "Xã Thăng Bình",
    "new_province_id": "13",
    "new_province_name": "Thành Phố Đà Nẵng"
  },
  {
    "id": "135481",
    "name": "Xã Bình An",
    "district_id": "4409",
    "district_name": "Huyện Thăng Bình",
    "province_id": "57",
    "province_name": "Tỉnh Quảng Nam",
    "new_id": "7693",
    "new_name": "Xã Thăng Điền",
    "new_province_id": "13",
    "new_province_name": "Thành Phố Đà Nẵng"
  },
  {
    "id": "266553",
    "name": "Xã Bình Đào",
    "district_id": "4409",
    "district_name": "Huyện Thăng Bình",
    "province_id": "57",
    "province_name": "Tỉnh Quảng Nam",
    "new_id": "7181",
    "new_name": "Xã Thăng An",
    "new_province_id": "13",
    "new_province_name": "Thành Phố Đà Nẵng"
  },
  {
    "id": "397625",
    "name": "Xã Bình Định",
    "district_id": "4409",
    "district_name": "Huyện Thăng Bình",
    "province_id": "57",
    "province_name": "Tỉnh Quảng Nam",
    "new_id": "8205",
    "new_name": "Xã Đồng Dương",
    "new_province_id": "13",
    "new_province_name": "Thành Phố Đà Nẵng"
  },
  {
    "id": "463161",
    "name": "Xã Bình Dương",
    "district_id": "4409",
    "district_name": "Huyện Thăng Bình",
    "province_id": "57",
    "province_name": "Tỉnh Quảng Nam",
    "new_id": "7181",
    "new_name": "Xã Thăng An",
    "new_province_id": "13",
    "new_province_name": "Thành Phố Đà Nẵng"
  },
  {
    "id": "528697",
    "name": "Xã Bình Minh",
    "district_id": "4409",
    "district_name": "Huyện Thăng Bình",
    "province_id": "57",
    "province_name": "Tỉnh Quảng Nam",
    "new_id": "7181",
    "new_name": "Xã Thăng An",
    "new_province_id": "13",
    "new_province_name": "Thành Phố Đà Nẵng"
  },
  {
    "id": "594233",
    "name": "Xã Bình Nam",
    "district_id": "4409",
    "district_name": "Huyện Thăng Bình",
    "province_id": "57",
    "province_name": "Tỉnh Quảng Nam",
    "new_id": "7437",
    "new_name": "Xã Thăng Trường",
    "new_province_id": "13",
    "new_province_name": "Thành Phố Đà Nẵng"
  },
  {
    "id": "659769",
    "name": "Xã Bình Giang",
    "district_id": "4409",
    "district_name": "Huyện Thăng Bình",
    "province_id": "57",
    "province_name": "Tỉnh Quảng Nam",
    "new_id": "7181",
    "new_name": "Xã Thăng An",
    "new_province_id": "13",
    "new_province_name": "Thành Phố Đà Nẵng"
  },
  {
    "id": "725305",
    "name": "Xã Bình Hải",
    "district_id": "4409",
    "district_name": "Huyện Thăng Bình",
    "province_id": "57",
    "province_name": "Tỉnh Quảng Nam",
    "new_id": "7437",
    "new_name": "Xã Thăng Trường",
    "new_province_id": "13",
    "new_province_name": "Thành Phố Đà Nẵng"
  },
  {
    "id": "790841",
    "name": "Xã Bình Lãnh",
    "district_id": "4409",
    "district_name": "Huyện Thăng Bình",
    "province_id": "57",
    "province_name": "Tỉnh Quảng Nam",
    "new_id": "8205",
    "new_name": "Xã Đồng Dương",
    "new_province_id": "13",
    "new_province_name": "Thành Phố Đà Nẵng"
  },
  {
    "id": "856377",
    "name": "Xã Bình Nguyên",
    "district_id": "4409",
    "district_name": "Huyện Thăng Bình",
    "province_id": "57",
    "province_name": "Tỉnh Quảng Nam",
    "new_id": "6925",
    "new_name": "Xã Thăng Bình",
    "new_province_id": "13",
    "new_province_name": "Thành Phố Đà Nẵng"
  },
  {
    "id": "921913",
    "name": "Xã Bình Phú",
    "district_id": "4409",
    "district_name": "Huyện Thăng Bình",
    "province_id": "57",
    "province_name": "Tỉnh Quảng Nam",
    "new_id": "7949",
    "new_name": "Xã Thăng Phú",
    "new_province_id": "13",
    "new_province_name": "Thành Phố Đà Nẵng"
  },
  {
    "id": "987449",
    "name": "Xã Bình Phục",
    "district_id": "4409",
    "district_name": "Huyện Thăng Bình",
    "province_id": "57",
    "province_name": "Tỉnh Quảng Nam",
    "new_id": "6925",
    "new_name": "Xã Thăng Bình",
    "new_province_id": "13",
    "new_province_name": "Thành Phố Đà Nẵng"
  },
  {
    "id": "1052985",
    "name": "Xã Bình Quế",
    "district_id": "4409",
    "district_name": "Huyện Thăng Bình",
    "province_id": "57",
    "province_name": "Tỉnh Quảng Nam",
    "new_id": "7949",
    "new_name": "Xã Thăng Phú",
    "new_province_id": "13",
    "new_province_name": "Thành Phố Đà Nẵng"
  },
  {
    "id": "1118521",
    "name": "Xã Bình Quý",
    "district_id": "4409",
    "district_name": "Huyện Thăng Bình",
    "province_id": "57",
    "province_name": "Tỉnh Quảng Nam",
    "new_id": "6925",
    "new_name": "Xã Thăng Bình",
    "new_province_id": "13",
    "new_province_name": "Thành Phố Đà Nẵng"
  },
  {
    "id": "1184057",
    "name": "Xã Bình Sa",
    "district_id": "4409",
    "district_name": "Huyện Thăng Bình",
    "province_id": "57",
    "province_name": "Tỉnh Quảng Nam",
    "new_id": "7437",
    "new_name": "Xã Thăng Trường",
    "new_province_id": "13",
    "new_province_name": "Thành Phố Đà Nẵng"
  },
  {
    "id": "1249593",
    "name": "Xã Bình Trị",
    "district_id": "4409",
    "district_name": "Huyện Thăng Bình",
    "province_id": "57",
    "province_name": "Tỉnh Quảng Nam",
    "new_id": "8205",
    "new_name": "Xã Đồng Dương",
    "new_province_id": "13",
    "new_province_name": "Thành Phố Đà Nẵng"
  },
  {
    "id": "1315129",
    "name": "Xã Bình Triều",
    "district_id": "4409",
    "district_name": "Huyện Thăng Bình",
    "province_id": "57",
    "province_name": "Tỉnh Quảng Nam",
    "new_id": "7181",
    "new_name": "Xã Thăng An",
    "new_province_id": "13",
    "new_province_name": "Thành Phố Đà Nẵng"
  },
  {
    "id": "1380665",
    "name": "Xã Bình Trung",
    "district_id": "4409",
    "district_name": "Huyện Thăng Bình",
    "province_id": "57",
    "province_name": "Tỉnh Quảng Nam",
    "new_id": "7693",
    "new_name": "Xã Thăng Điền",
    "new_province_id": "13",
    "new_province_name": "Thành Phố Đà Nẵng"
  },
  {
    "id": "1446201",
    "name": "Xã Bình Tú",
    "district_id": "4409",
    "district_name": "Huyện Thăng Bình",
    "province_id": "57",
    "province_name": "Tỉnh Quảng Nam",
    "new_id": "7693",
    "new_name": "Xã Thăng Điền",
    "new_province_id": "13",
    "new_province_name": "Thành Phố Đà Nẵng"
  }
]