[
  {
    "id": "70411",
    "name": "Xã Tuy Lai",
    "district_id": "4875",
    "district_name": "Huyện Mỹ Đức",
    "province_id": "11",
    "province_name": "Thành Phố Hà Nội",
    "new_id": "16139",
    "new_name": "Xã Phúc Sơn",
    "new_province_id": "11",
    "new_province_name": "Thành Phố Hà Nội"
  },
  {
    "id": "135947",
    "name": "Xã Vạn Tín",
    "district_id": "4875",
    "district_name": "Huyện Mỹ Đức",
    "province_id": "11",
    "province_name": "Thành Phố Hà Nội",
    "new_id": "9227",
    "new_name": "Xã Hương Sơn",
    "new_province_id": "11",
    "new_province_name": "Thành Phố Hà Nội"
  },
  {
    "id": "201483",
    "name": "Xã Xuy Xá",
    "district_id": "4875",
    "district_name": "Huyện Mỹ Đức",
    "province_id": "11",
    "province_name": "Thành Phố Hà Nội",
    "new_id": "29707",
    "new_name": "Xã Hồng Sơn",
    "new_province_id": "11",
    "new_province_name": "Thành Phố Hà Nội"
  },
  {
    "id": "267019",
    "name": "Xã Hương Sơn",
    "district_id": "4875",
    "district_name": "Huyện Mỹ Đức",
    "province_id": "11",
    "province_name": "Thành Phố Hà Nội",
    "new_id": "9227",
    "new_name": "Xã Hương Sơn",
    "new_province_id": "11",
    "new_province_name": "Thành Phố Hà Nội"
  },
  {
    "id": "332555",
    "name": "Thị Trấn Đại Nghĩa",
    "district_id": "4875",
    "district_name": "Huyện Mỹ Đức",
    "province_id": "11",
    "province_name": "Thành Phố Hà Nội",
    "new_id": "10251",
    "new_name": "Xã Mỹ Đức",
    "new_province_id": "11",
    "new_province_name": "Thành Phố Hà Nội"
  },
  {
    "id": "398091",
    "name": "Xã An Mỹ",
    "district_id": "4875",
    "district_name": "Huyện Mỹ Đức",
    "province_id": "11",
    "province_name": "Thành Phố Hà Nội",
    "new_id": "29707",
    "new_name": "Xã Hồng Sơn",
    "new_province_id": "11",
    "new_province_name": "Thành Phố Hà Nội"
  },
  {
    "id": "463627",
    "name": "Xã An Phú",
    "district_id": "4875",
    "district_name": "Huyện Mỹ Đức",
    "province_id": "11",
    "province_name": "Thành Phố Hà Nội",
    "new_id": "10251",
    "new_name": "Xã Mỹ Đức",
    "new_province_id": "11",
    "new_province_name": "Thành Phố Hà Nội"
  },
  {
    "id": "529163",
    "name": "Xã An Tiến",
    "district_id": "4875",
    "district_name": "Huyện Mỹ Đức",
    "province_id": "11",
    "province_name": "Thành Phố Hà Nội",
    "new_id": "9227",
    "new_name": "Xã Hương Sơn",
    "new_province_id": "11",
    "new_province_name": "Thành Phố Hà Nội"
  },
  {
    "id": "594699",
    "name": "Xã Mỹ Xuyên",
    "district_id": "4875",
    "district_name": "Huyện Mỹ Đức",
    "province_id": "11",
    "province_name": "Thành Phố Hà Nội",
    "new_id": "16139",
    "new_name": "Xã Phúc Sơn",
    "new_province_id": "11",
    "new_province_name": "Thành Phố Hà Nội"
  },
  {
    "id": "660235",
    "name": "Xã Đại Hưng",
    "district_id": "4875",
    "district_name": "Huyện Mỹ Đức",
    "province_id": "11",
    "province_name": "Thành Phố Hà Nội",
    "new_id": "10251",
    "new_name": "Xã Mỹ Đức",
    "new_province_id": "11",
    "new_province_name": "Thành Phố Hà Nội"
  },
  {
    "id": "791307",
    "name": "Xã Đồng Tâm",
    "district_id": "4875",
    "district_name": "Huyện Mỹ Đức",
    "province_id": "11",
    "province_name": "Thành Phố Hà Nội",
    "new_id": "6411",
    "new_name": "Xã Trần Phú",
    "new_province_id": "11",
    "new_province_name": "Thành Phố Hà Nội"
  },
  {
    "id": "856843",
    "name": "Xã Hồng Sơn",
    "district_id": "4875",
    "district_name": "Huyện Mỹ Đức",
    "province_id": "11",
    "province_name": "Thành Phố Hà Nội",
    "new_id": "29707",
    "new_name": "Xã Hồng Sơn",
    "new_province_id": "11",
    "new_province_name": "Thành Phố Hà Nội"
  },
  {
    "id": "922379",
    "name": "Xã Hợp Thanh",
    "district_id": "4875",
    "district_name": "Huyện Mỹ Đức",
    "province_id": "11",
    "province_name": "Thành Phố Hà Nội",
    "new_id": "10251",
    "new_name": "Xã Mỹ Đức",
    "new_province_id": "11",
    "new_province_name": "Thành Phố Hà Nội"
  },
  {
    "id": "987915",
    "name": "Xã Hợp Tiến",
    "district_id": "4875",
    "district_name": "Huyện Mỹ Đức",
    "province_id": "11",
    "province_name": "Thành Phố Hà Nội",
    "new_id": "29707",
    "new_name": "Xã Hồng Sơn",
    "new_province_id": "11",
    "new_province_name": "Thành Phố Hà Nội"
  },
  {
    "id": "1053451",
    "name": "Xã Hùng Tiến",
    "district_id": "4875",
    "district_name": "Huyện Mỹ Đức",
    "province_id": "11",
    "province_name": "Thành Phố Hà Nội",
    "new_id": "9227",
    "new_name": "Xã Hương Sơn",
    "new_province_id": "11",
    "new_province_name": "Thành Phố Hà Nội"
  },
  {
    "id": "1118987",
    "name": "Xã Lê Thanh",
    "district_id": "4875",
    "district_name": "Huyện Mỹ Đức",
    "province_id": "11",
    "province_name": "Thành Phố Hà Nội",
    "new_id": "29707",
    "new_name": "Xã Hồng Sơn",
    "new_province_id": "11",
    "new_province_name": "Thành Phố Hà Nội"
  },
  {
    "id": "1250059",
    "name": "Xã Phù Lưu Tế",
    "district_id": "4875",
    "district_name": "Huyện Mỹ Đức",
    "province_id": "11",
    "province_name": "Thành Phố Hà Nội",
    "new_id": "10251",
    "new_name": "Xã Mỹ Đức",
    "new_province_id": "11",
    "new_province_name": "Thành Phố Hà Nội"
  },
  {
    "id": "1315595",
    "name": "Xã Phúc Lâm",
    "district_id": "4875",
    "district_name": "Huyện Mỹ Đức",
    "province_id": "11",
    "province_name": "Thành Phố Hà Nội",
    "new_id": "16139",
    "new_name": "Xã Phúc Sơn",
    "new_province_id": "11",
    "new_province_name": "Thành Phố Hà Nội"
  },
  {
    "id": "1381131",
    "name": "Xã Phùng Xá",
    "district_id": "4875",
    "district_name": "Huyện Mỹ Đức",
    "province_id": "11",
    "province_name": "Thành Phố Hà Nội",
    "new_id": "29707",
    "new_name": "Xã Hồng Sơn",
    "new_province_id": "11",
    "new_province_name": "Thành Phố Hà Nội"
  },
  {
    "id": "1446667",
    "name": "Xã Thượng Lâm",
    "district_id": "4875",
    "district_name": "Huyện Mỹ Đức",
    "province_id": "11",
    "province_name": "Thành Phố Hà Nội",
    "new_id": "16139",
    "new_name": "Xã Phúc Sơn",
    "new_province_id": "11",
    "new_province_name": "Thành Phố Hà Nội"
  }
]