[
  {
    "id": "70667",
    "name": "Xã Hạ Mỗ",
    "district_id": "5131",
    "district_name": "Huyện Đan Phượng",
    "province_id": "11",
    "province_name": "Thành Phố Hà Nội",
    "new_id": "5899",
    "new_name": "Xã Ô Diên",
    "new_province_id": "11",
    "new_province_name": "Thành Phố Hà Nội"
  },
  {
    "id": "136203",
    "name": "Thị Trấn Phùng",
    "district_id": "5131",
    "district_name": "Huyện Đan Phượng",
    "province_id": "11",
    "province_name": "Thành Phố Hà Nội",
    "new_id": "28683",
    "new_name": "Xã Đan Phượng",
    "new_province_id": "11",
    "new_province_name": "Thành Phố Hà Nội"
  },
  {
    "id": "201739",
    "name": "Xã Đan Phượng",
    "district_id": "5131",
    "district_name": "Huyện Đan Phượng",
    "province_id": "11",
    "province_name": "Thành Phố Hà Nội",
    "new_id": "28683",
    "new_name": "Xã Đan Phượng",
    "new_province_id": "11",
    "new_province_name": "Thành Phố Hà Nội"
  },
  {
    "id": "267275",
    "name": "Xã Đồng Tháp",
    "district_id": "5131",
    "district_name": "Huyện Đan Phượng",
    "province_id": "11",
    "province_name": "Thành Phố Hà Nội",
    "new_id": "28683",
    "new_name": "Xã Đan Phượng",
    "new_province_id": "11",
    "new_province_name": "Thành Phố Hà Nội"
  },
  {
    "id": "332811",
    "name": "Xã Hồng Hà",
    "district_id": "5131",
    "district_name": "Huyện Đan Phượng",
    "province_id": "11",
    "province_name": "Thành Phố Hà Nội",
    "new_id": "5899",
    "new_name": "Xã Ô Diên",
    "new_province_id": "11",
    "new_province_name": "Thành Phố Hà Nội"
  },
  {
    "id": "398347",
    "name": "Xã Liên Hà",
    "district_id": "5131",
    "district_name": "Huyện Đan Phượng",
    "province_id": "11",
    "province_name": "Thành Phố Hà Nội",
    "new_id": "5899",
    "new_name": "Xã Ô Diên",
    "new_province_id": "11",
    "new_province_name": "Thành Phố Hà Nội"
  },
  {
    "id": "463883",
    "name": "Xã Liên Hồng",
    "district_id": "5131",
    "district_name": "Huyện Đan Phượng",
    "province_id": "11",
    "province_name": "Thành Phố Hà Nội",
    "new_id": "5899",
    "new_name": "Xã Ô Diên",
    "new_province_id": "11",
    "new_province_name": "Thành Phố Hà Nội"
  },
  {
    "id": "529419",
    "name": "Xã Liên Trung",
    "district_id": "5131",
    "district_name": "Huyện Đan Phượng",
    "province_id": "11",
    "province_name": "Thành Phố Hà Nội",
    "new_id": "5899",
    "new_name": "Xã Ô Diên",
    "new_province_id": "11",
    "new_province_name": "Thành Phố Hà Nội"
  },
  {
    "id": "594955",
    "name": "Xã Phương Đình",
    "district_id": "5131",
    "district_name": "Huyện Đan Phượng",
    "province_id": "11",
    "province_name": "Thành Phố Hà Nội",
    "new_id": "6667",
    "new_name": "Xã Liên Minh",
    "new_province_id": "11",
    "new_province_name": "Thành Phố Hà Nội"
  },
  {
    "id": "660491",
    "name": "Xã Song Phượng",
    "district_id": "5131",
    "district_name": "Huyện Đan Phượng",
    "province_id": "11",
    "province_name": "Thành Phố Hà Nội",
    "new_id": "28683",
    "new_name": "Xã Đan Phượng",
    "new_province_id": "11",
    "new_province_name": "Thành Phố Hà Nội"
  },
  {
    "id": "726027",
    "name": "Xã Tân Hội",
    "district_id": "5131",
    "district_name": "Huyện Đan Phượng",
    "province_id": "11",
    "province_name": "Thành Phố Hà Nội",
    "new_id": "5899",
    "new_name": "Xã Ô Diên",
    "new_province_id": "11",
    "new_province_name": "Thành Phố Hà Nội"
  },
  {
    "id": "791563",
    "name": "Xã Tân Lập",
    "district_id": "5131",
    "district_name": "Huyện Đan Phượng",
    "province_id": "11",
    "province_name": "Thành Phố Hà Nội",
    "new_id": "5899",
    "new_name": "Xã Ô Diên",
    "new_province_id": "11",
    "new_province_name": "Thành Phố Hà Nội"
  },
  {
    "id": "857099",
    "name": "Xã Thọ An",
    "district_id": "5131",
    "district_name": "Huyện Đan Phượng",
    "province_id": "11",
    "province_name": "Thành Phố Hà Nội",
    "new_id": "6667",
    "new_name": "Xã Liên Minh",
    "new_province_id": "11",
    "new_province_name": "Thành Phố Hà Nội"
  },
  {
    "id": "922635",
    "name": "Xã Thọ Xuân",
    "district_id": "5131",
    "district_name": "Huyện Đan Phượng",
    "province_id": "11",
    "province_name": "Thành Phố Hà Nội",
    "new_id": "6667",
    "new_name": "Xã Liên Minh",
    "new_province_id": "11",
    "new_province_name": "Thành Phố Hà Nội"
  },
  {
    "id": "988171",
    "name": "Xã Thượng Mỗ",
    "district_id": "5131",
    "district_name": "Huyện Đan Phượng",
    "province_id": "11",
    "province_name": "Thành Phố Hà Nội",
    "new_id": "28683",
    "new_name": "Xã Đan Phượng",
    "new_province_id": "11",
    "new_province_name": "Thành Phố Hà Nội"
  },
  {
    "id": "1053707",
    "name": "Xã Trung Châu",
    "district_id": "5131",
    "district_name": "Huyện Đan Phượng",
    "province_id": "11",
    "province_name": "Thành Phố Hà Nội",
    "new_id": "6667",
    "new_name": "Xã Liên Minh",
    "new_province_id": "11",
    "new_province_name": "Thành Phố Hà Nội"
  }
]