[
  {
    "id": "71435",
    "name": "Xã Khai Thái",
    "district_id": "5899",
    "district_name": "Huyện Phú Xuyên",
    "province_id": "11",
    "province_name": "Thành Phố Hà Nội",
    "new_id": "2315",
    "new_name": "Xã Đại Xuyên",
    "new_province_id": "11",
    "new_province_name": "Thành Phố Hà Nội"
  },
  {
    "id": "136971",
    "name": "Xã Minh Tân",
    "district_id": "5899",
    "district_name": "Huyện Phú Xuyên",
    "province_id": "11",
    "province_name": "Thành Phố Hà Nội",
    "new_id": "2315",
    "new_name": "Xã Đại Xuyên",
    "new_province_id": "11",
    "new_province_name": "Thành Phố Hà Nội"
  },
  {
    "id": "202507",
    "name": "Xã Đại Xuyên",
    "district_id": "5899",
    "district_name": "Huyện Phú Xuyên",
    "province_id": "11",
    "province_name": "Thành Phố Hà Nội",
    "new_id": "2315",
    "new_name": "Xã Đại Xuyên",
    "new_province_id": "11",
    "new_province_name": "Thành Phố Hà Nội"
  },
  {
    "id": "268043",
    "name": "Xã Hoàng Long",
    "district_id": "5899",
    "district_name": "Huyện Phú Xuyên",
    "province_id": "11",
    "province_name": "Thành Phố Hà Nội",
    "new_id": "29195",
    "new_name": "Xã Phượng Dực",
    "new_province_id": "11",
    "new_province_name": "Thành Phố Hà Nội"
  },
  {
    "id": "333579",
    "name": "Xã Hồng Minh",
    "district_id": "5899",
    "district_name": "Huyện Phú Xuyên",
    "province_id": "11",
    "province_name": "Thành Phố Hà Nội",
    "new_id": "29195",
    "new_name": "Xã Phượng Dực",
    "new_province_id": "11",
    "new_province_name": "Thành Phố Hà Nội"
  },
  {
    "id": "464651",
    "name": "Thị Trấn Phú Minh",
    "district_id": "5899",
    "district_name": "Huyện Phú Xuyên",
    "province_id": "11",
    "province_name": "Thành Phố Hà Nội",
    "new_id": "7435",
    "new_name": "Xã Phú Xuyên",
    "new_province_id": "11",
    "new_province_name": "Thành Phố Hà Nội"
  },
  {
    "id": "530187",
    "name": "Thị Trấn Phú Xuyên",
    "district_id": "5899",
    "district_name": "Huyện Phú Xuyên",
    "province_id": "11",
    "province_name": "Thành Phố Hà Nội",
    "new_id": "7435",
    "new_name": "Xã Phú Xuyên",
    "new_province_id": "11",
    "new_province_name": "Thành Phố Hà Nội"
  },
  {
    "id": "595723",
    "name": "Xã Bạch Hạ",
    "district_id": "5899",
    "district_name": "Huyện Phú Xuyên",
    "province_id": "11",
    "province_name": "Thành Phố Hà Nội",
    "new_id": "2315",
    "new_name": "Xã Đại Xuyên",
    "new_province_id": "11",
    "new_province_name": "Thành Phố Hà Nội"
  },
  {
    "id": "661259",
    "name": "Xã Châu Can",
    "district_id": "5899",
    "district_name": "Huyện Phú Xuyên",
    "province_id": "11",
    "province_name": "Thành Phố Hà Nội",
    "new_id": "16651",
    "new_name": "Xã Chuyên Mỹ",
    "new_province_id": "11",
    "new_province_name": "Thành Phố Hà Nội"
  },
  {
    "id": "726795",
    "name": "Xã Chuyên Mỹ",
    "district_id": "5899",
    "district_name": "Huyện Phú Xuyên",
    "province_id": "11",
    "province_name": "Thành Phố Hà Nội",
    "new_id": "16651",
    "new_name": "Xã Chuyên Mỹ",
    "new_province_id": "11",
    "new_province_name": "Thành Phố Hà Nội"
  },
  {
    "id": "792331",
    "name": "Xã Hồng Thái",
    "district_id": "5899",
    "district_name": "Huyện Phú Xuyên",
    "province_id": "11",
    "province_name": "Thành Phố Hà Nội",
    "new_id": "7435",
    "new_name": "Xã Phú Xuyên",
    "new_province_id": "11",
    "new_province_name": "Thành Phố Hà Nội"
  },
  {
    "id": "857867",
    "name": "Xã Nam Phong",
    "district_id": "5899",
    "district_name": "Huyện Phú Xuyên",
    "province_id": "11",
    "province_name": "Thành Phố Hà Nội",
    "new_id": "7435",
    "new_name": "Xã Phú Xuyên",
    "new_province_id": "11",
    "new_province_name": "Thành Phố Hà Nội"
  },
  {
    "id": "988939",
    "name": "Xã Phú Túc",
    "district_id": "5899",
    "district_name": "Huyện Phú Xuyên",
    "province_id": "11",
    "province_name": "Thành Phố Hà Nội",
    "new_id": "29195",
    "new_name": "Xã Phượng Dực",
    "new_province_id": "11",
    "new_province_name": "Thành Phố Hà Nội"
  },
  {
    "id": "1054475",
    "name": "Xã Phú Yên",
    "district_id": "5899",
    "district_name": "Huyện Phú Xuyên",
    "province_id": "11",
    "province_name": "Thành Phố Hà Nội",
    "new_id": "16651",
    "new_name": "Xã Chuyên Mỹ",
    "new_province_id": "11",
    "new_province_name": "Thành Phố Hà Nội"
  },
  {
    "id": "1120011",
    "name": "Xã Phúc Tiến",
    "district_id": "5899",
    "district_name": "Huyện Phú Xuyên",
    "province_id": "11",
    "province_name": "Thành Phố Hà Nội",
    "new_id": "2315",
    "new_name": "Xã Đại Xuyên",
    "new_province_id": "11",
    "new_province_name": "Thành Phố Hà Nội"
  },
  {
    "id": "1185547",
    "name": "Xã Phượng Dực",
    "district_id": "5899",
    "district_name": "Huyện Phú Xuyên",
    "province_id": "11",
    "province_name": "Thành Phố Hà Nội",
    "new_id": "29195",
    "new_name": "Xã Phượng Dực",
    "new_province_id": "11",
    "new_province_name": "Thành Phố Hà Nội"
  },
  {
    "id": "1251083",
    "name": "Xã Quang Lãng",
    "district_id": "5899",
    "district_name": "Huyện Phú Xuyên",
    "province_id": "11",
    "province_name": "Thành Phố Hà Nội",
    "new_id": "2315",
    "new_name": "Xã Đại Xuyên",
    "new_province_id": "11",
    "new_province_name": "Thành Phố Hà Nội"
  },
  {
    "id": "1316619",
    "name": "Xã Quang Hà",
    "district_id": "5899",
    "district_name": "Huyện Phú Xuyên",
    "province_id": "11",
    "province_name": "Thành Phố Hà Nội",
    "new_id": "7435",
    "new_name": "Xã Phú Xuyên",
    "new_province_id": "11",
    "new_province_name": "Thành Phố Hà Nội"
  },
  {
    "id": "1382155",
    "name": "Xã Vân Từ",
    "district_id": "5899",
    "district_name": "Huyện Phú Xuyên",
    "province_id": "11",
    "province_name": "Thành Phố Hà Nội",
    "new_id": "16651",
    "new_name": "Xã Chuyên Mỹ",
    "new_province_id": "11",
    "new_province_name": "Thành Phố Hà Nội"
  },
  {
    "id": "1513227",
    "name": "Xã Tân Dân",
    "district_id": "5899",
    "district_name": "Huyện Phú Xuyên",
    "province_id": "11",
    "province_name": "Thành Phố Hà Nội",
    "new_id": "16651",
    "new_name": "Xã Chuyên Mỹ",
    "new_province_id": "11",
    "new_province_name": "Thành Phố Hà Nội"
  },
  {
    "id": "1578763",
    "name": "Xã Nam Tiến",
    "district_id": "5899",
    "district_name": "Huyện Phú Xuyên",
    "province_id": "11",
    "province_name": "Thành Phố Hà Nội",
    "new_id": "7435",
    "new_name": "Xã Phú Xuyên",
    "new_province_id": "11",
    "new_province_name": "Thành Phố Hà Nội"
  },
  {
    "id": "1644299",
    "name": "Xã Tri Thủy",
    "district_id": "5899",
    "district_name": "Huyện Phú Xuyên",
    "province_id": "11",
    "province_name": "Thành Phố Hà Nội",
    "new_id": "2315",
    "new_name": "Xã Đại Xuyên",
    "new_province_id": "11",
    "new_province_name": "Thành Phố Hà Nội"
  },
  {
    "id": "1775371",
    "name": "Xã Văn Hoàng",
    "district_id": "5899",
    "district_name": "Huyện Phú Xuyên",
    "province_id": "11",
    "province_name": "Thành Phố Hà Nội",
    "new_id": "29195",
    "new_name": "Xã Phượng Dực",
    "new_province_id": "11",
    "new_province_name": "Thành Phố Hà Nội"
  }
]