[
  {
    "id": "72459",
    "name": "Xã Thạch Xá",
    "district_id": "6923",
    "district_name": "Huyện Thạch Thất",
    "province_id": "11",
    "province_name": "Thành Phố Hà Nội",
    "new_id": "26891",
    "new_name": "Xã Tây Phương",
    "new_province_id": "11",
    "new_province_name": "Thành Phố Hà Nội"
  },
  {
    "id": "137995",
    "name": "Xã Yên Trung",
    "district_id": "6923",
    "district_name": "Huyện Thạch Thất",
    "province_id": "11",
    "province_name": "Thành Phố Hà Nội",
    "new_id": "12299",
    "new_name": "Xã Yên Xuân",
    "new_province_id": "11",
    "new_province_name": "Thành Phố Hà Nội"
  },
  {
    "id": "203531",
    "name": "Xã Tân Xã",
    "district_id": "6923",
    "district_name": "Huyện Thạch Thất",
    "province_id": "11",
    "province_name": "Thành Phố Hà Nội",
    "new_id": "13067",
    "new_name": "Xã Hòa Lạc",
    "new_province_id": "11",
    "new_province_name": "Thành Phố Hà Nội"
  },
  {
    "id": "269067",
    "name": "Xã Thạch Hòa",
    "district_id": "6923",
    "district_name": "Huyện Thạch Thất",
    "province_id": "11",
    "province_name": "Thành Phố Hà Nội",
    "new_id": "12299",
    "new_name": "Xã Yên Xuân",
    "new_province_id": "11",
    "new_province_name": "Thành Phố Hà Nội"
  },
  {
    "id": "334603",
    "name": "Xã Tiến Xuân",
    "district_id": "6923",
    "district_name": "Huyện Thạch Thất",
    "province_id": "11",
    "province_name": "Thành Phố Hà Nội",
    "new_id": "12299",
    "new_name": "Xã Yên Xuân",
    "new_province_id": "11",
    "new_province_name": "Thành Phố Hà Nội"
  },
  {
    "id": "400139",
    "name": "Xã Yên Bình",
    "district_id": "6923",
    "district_name": "Huyện Thạch Thất",
    "province_id": "11",
    "province_name": "Thành Phố Hà Nội",
    "new_id": "12299",
    "new_name": "Xã Yên Xuân",
    "new_province_id": "11",
    "new_province_name": "Thành Phố Hà Nội"
  },
  {
    "id": "465675",
    "name": "Xã Đồng Trúc",
    "district_id": "6923",
    "district_name": "Huyện Thạch Thất",
    "province_id": "11",
    "province_name": "Thành Phố Hà Nội",
    "new_id": "22795",
    "new_name": "Xã Hạ Bằng",
    "new_province_id": "11",
    "new_province_name": "Thành Phố Hà Nội"
  },
  {
    "id": "531211",
    "name": "Xã Quang Trung",
    "district_id": "6923",
    "district_name": "Huyện Thạch Thất",
    "province_id": "11",
    "province_name": "Thành Phố Hà Nội",
    "new_id": "26891",
    "new_name": "Xã Tây Phương",
    "new_province_id": "11",
    "new_province_name": "Thành Phố Hà Nội"
  },
  {
    "id": "596747",
    "name": "Xã Bình Yên",
    "district_id": "6923",
    "district_name": "Huyện Thạch Thất",
    "province_id": "11",
    "province_name": "Thành Phố Hà Nội",
    "new_id": "13067",
    "new_name": "Xã Hòa Lạc",
    "new_province_id": "11",
    "new_province_name": "Thành Phố Hà Nội"
  },
  {
    "id": "662283",
    "name": "Xã Lam Sơn",
    "district_id": "6923",
    "district_name": "Huyện Thạch Thất",
    "province_id": "11",
    "province_name": "Thành Phố Hà Nội",
    "new_id": "26891",
    "new_name": "Xã Tây Phương",
    "new_province_id": "11",
    "new_province_name": "Thành Phố Hà Nội"
  },
  {
    "id": "793355",
    "name": "Xã Đại Đồng",
    "district_id": "6923",
    "district_name": "Huyện Thạch Thất",
    "province_id": "11",
    "province_name": "Thành Phố Hà Nội",
    "new_id": "22539",
    "new_name": "Xã Thạch Thất",
    "new_province_id": "11",
    "new_province_name": "Thành Phố Hà Nội"
  },
  {
    "id": "858891",
    "name": "Thị Trấn Liên Quan",
    "district_id": "6923",
    "district_name": "Huyện Thạch Thất",
    "province_id": "11",
    "province_name": "Thành Phố Hà Nội",
    "new_id": "22539",
    "new_name": "Xã Thạch Thất",
    "new_province_id": "11",
    "new_province_name": "Thành Phố Hà Nội"
  },
  {
    "id": "924427",
    "name": "Xã Cẩm Yên",
    "district_id": "6923",
    "district_name": "Huyện Thạch Thất",
    "province_id": "11",
    "province_name": "Thành Phố Hà Nội",
    "new_id": "22539",
    "new_name": "Xã Thạch Thất",
    "new_province_id": "11",
    "new_province_name": "Thành Phố Hà Nội"
  },
  {
    "id": "989963",
    "name": "Xã Cần Kiệm",
    "district_id": "6923",
    "district_name": "Huyện Thạch Thất",
    "province_id": "11",
    "province_name": "Thành Phố Hà Nội",
    "new_id": "22795",
    "new_name": "Xã Hạ Bằng",
    "new_province_id": "11",
    "new_province_name": "Thành Phố Hà Nội"
  },
  {
    "id": "1055499",
    "name": "Xã Hạ Bằng",
    "district_id": "6923",
    "district_name": "Huyện Thạch Thất",
    "province_id": "11",
    "province_name": "Thành Phố Hà Nội",
    "new_id": "13067",
    "new_name": "Xã Hòa Lạc",
    "new_province_id": "11",
    "new_province_name": "Thành Phố Hà Nội"
  },
  {
    "id": "1186571",
    "name": "Xã Hương Ngải",
    "district_id": "6923",
    "district_name": "Huyện Thạch Thất",
    "province_id": "11",
    "province_name": "Thành Phố Hà Nội",
    "new_id": "26891",
    "new_name": "Xã Tây Phương",
    "new_province_id": "11",
    "new_province_name": "Thành Phố Hà Nội"
  },
  {
    "id": "1317643",
    "name": "Xã Kim Quan",
    "district_id": "6923",
    "district_name": "Huyện Thạch Thất",
    "province_id": "11",
    "province_name": "Thành Phố Hà Nội",
    "new_id": "22539",
    "new_name": "Xã Thạch Thất",
    "new_province_id": "11",
    "new_province_name": "Thành Phố Hà Nội"
  },
  {
    "id": "1383179",
    "name": "Xã Lại Thượng",
    "district_id": "6923",
    "district_name": "Huyện Thạch Thất",
    "province_id": "11",
    "province_name": "Thành Phố Hà Nội",
    "new_id": "22539",
    "new_name": "Xã Thạch Thất",
    "new_province_id": "11",
    "new_province_name": "Thành Phố Hà Nội"
  },
  {
    "id": "1448715",
    "name": "Xã Phú Kim",
    "district_id": "6923",
    "district_name": "Huyện Thạch Thất",
    "province_id": "11",
    "province_name": "Thành Phố Hà Nội",
    "new_id": "22539",
    "new_name": "Xã Thạch Thất",
    "new_province_id": "11",
    "new_province_name": "Thành Phố Hà Nội"
  },
  {
    "id": "1514251",
    "name": "Xã Phùng Xá",
    "district_id": "6923",
    "district_name": "Huyện Thạch Thất",
    "province_id": "11",
    "province_name": "Thành Phố Hà Nội",
    "new_id": "26891",
    "new_name": "Xã Tây Phương",
    "new_province_id": "11",
    "new_province_name": "Thành Phố Hà Nội"
  }
]