[
  {
    "id": "72715",
    "name": "Thị Trấn Kim Bài",
    "district_id": "7179",
    "district_name": "Huyện Thanh Oai",
    "province_id": "11",
    "province_name": "Thành Phố Hà Nội",
    "new_id": "13323",
    "new_name": "Xã Thanh Oai",
    "new_province_id": "11",
    "new_province_name": "Thành Phố Hà Nội"
  },
  {
    "id": "138251",
    "name": "Xã Bích Hòa",
    "district_id": "7179",
    "district_name": "Huyện Thanh Oai",
    "province_id": "11",
    "province_name": "Thành Phố Hà Nội",
    "new_id": "13579",
    "new_name": "Xã Bình Minh",
    "new_province_id": "11",
    "new_province_name": "Thành Phố Hà Nội"
  },
  {
    "id": "203787",
    "name": "Xã Bình Minh",
    "district_id": "7179",
    "district_name": "Huyện Thanh Oai",
    "province_id": "11",
    "province_name": "Thành Phố Hà Nội",
    "new_id": "13579",
    "new_name": "Xã Bình Minh",
    "new_province_id": "11",
    "new_province_name": "Thành Phố Hà Nội"
  },
  {
    "id": "269323",
    "name": "Xã Cao Xuân Dương",
    "district_id": "7179",
    "district_name": "Huyện Thanh Oai",
    "province_id": "11",
    "province_name": "Thành Phố Hà Nội",
    "new_id": "13835",
    "new_name": "Xã Dân Hòa",
    "new_province_id": "11",
    "new_province_name": "Thành Phố Hà Nội"
  },
  {
    "id": "334859",
    "name": "Xã Cao Viên",
    "district_id": "7179",
    "district_name": "Huyện Thanh Oai",
    "province_id": "11",
    "province_name": "Thành Phố Hà Nội",
    "new_id": "13579",
    "new_name": "Xã Bình Minh",
    "new_province_id": "11",
    "new_province_name": "Thành Phố Hà Nội"
  },
  {
    "id": "400395",
    "name": "Xã Cự Khê",
    "district_id": "7179",
    "district_name": "Huyện Thanh Oai",
    "province_id": "11",
    "province_name": "Thành Phố Hà Nội",
    "new_id": "13579",
    "new_name": "Xã Bình Minh",
    "new_province_id": "11",
    "new_province_name": "Thành Phố Hà Nội"
  },
  {
    "id": "465931",
    "name": "Xã Dân Hòa",
    "district_id": "7179",
    "district_name": "Huyện Thanh Oai",
    "province_id": "11",
    "province_name": "Thành Phố Hà Nội",
    "new_id": "13835",
    "new_name": "Xã Dân Hòa",
    "new_province_id": "11",
    "new_province_name": "Thành Phố Hà Nội"
  },
  {
    "id": "531467",
    "name": "Xã Đỗ Động",
    "district_id": "7179",
    "district_name": "Huyện Thanh Oai",
    "province_id": "11",
    "province_name": "Thành Phố Hà Nội",
    "new_id": "13323",
    "new_name": "Xã Thanh Oai",
    "new_province_id": "11",
    "new_province_name": "Thành Phố Hà Nội"
  },
  {
    "id": "597003",
    "name": "Xã Hồng Dương",
    "district_id": "7179",
    "district_name": "Huyện Thanh Oai",
    "province_id": "11",
    "province_name": "Thành Phố Hà Nội",
    "new_id": "13835",
    "new_name": "Xã Dân Hòa",
    "new_province_id": "11",
    "new_province_name": "Thành Phố Hà Nội"
  },
  {
    "id": "662539",
    "name": "Xã Kim An",
    "district_id": "7179",
    "district_name": "Huyện Thanh Oai",
    "province_id": "11",
    "province_name": "Thành Phố Hà Nội",
    "new_id": "13323",
    "new_name": "Xã Thanh Oai",
    "new_province_id": "11",
    "new_province_name": "Thành Phố Hà Nội"
  },
  {
    "id": "728075",
    "name": "Xã Kim Thư",
    "district_id": "7179",
    "district_name": "Huyện Thanh Oai",
    "province_id": "11",
    "province_name": "Thành Phố Hà Nội",
    "new_id": "13323",
    "new_name": "Xã Thanh Oai",
    "new_province_id": "11",
    "new_province_name": "Thành Phố Hà Nội"
  },
  {
    "id": "793611",
    "name": "Xã Liên Châu",
    "district_id": "7179",
    "district_name": "Huyện Thanh Oai",
    "province_id": "11",
    "province_name": "Thành Phố Hà Nội",
    "new_id": "13835",
    "new_name": "Xã Dân Hòa",
    "new_province_id": "11",
    "new_province_name": "Thành Phố Hà Nội"
  },
  {
    "id": "859147",
    "name": "Xã Mỹ Hưng",
    "district_id": "7179",
    "district_name": "Huyện Thanh Oai",
    "province_id": "11",
    "province_name": "Thành Phố Hà Nội",
    "new_id": "30219",
    "new_name": "Xã Tam Hưng",
    "new_province_id": "11",
    "new_province_name": "Thành Phố Hà Nội"
  },
  {
    "id": "924683",
    "name": "Xã Phương Trung",
    "district_id": "7179",
    "district_name": "Huyện Thanh Oai",
    "province_id": "11",
    "province_name": "Thành Phố Hà Nội",
    "new_id": "13323",
    "new_name": "Xã Thanh Oai",
    "new_province_id": "11",
    "new_province_name": "Thành Phố Hà Nội"
  },
  {
    "id": "990219",
    "name": "Xã Tam Hưng",
    "district_id": "7179",
    "district_name": "Huyện Thanh Oai",
    "province_id": "11",
    "province_name": "Thành Phố Hà Nội",
    "new_id": "30219",
    "new_name": "Xã Tam Hưng",
    "new_province_id": "11",
    "new_province_name": "Thành Phố Hà Nội"
  },
  {
    "id": "1055755",
    "name": "Xã Tân Ước",
    "district_id": "7179",
    "district_name": "Huyện Thanh Oai",
    "province_id": "11",
    "province_name": "Thành Phố Hà Nội",
    "new_id": "13835",
    "new_name": "Xã Dân Hòa",
    "new_province_id": "11",
    "new_province_name": "Thành Phố Hà Nội"
  },
  {
    "id": "1121291",
    "name": "Xã Thanh Cao",
    "district_id": "7179",
    "district_name": "Huyện Thanh Oai",
    "province_id": "11",
    "province_name": "Thành Phố Hà Nội",
    "new_id": "13579",
    "new_name": "Xã Bình Minh",
    "new_province_id": "11",
    "new_province_name": "Thành Phố Hà Nội"
  },
  {
    "id": "1186827",
    "name": "Xã Thanh Mai",
    "district_id": "7179",
    "district_name": "Huyện Thanh Oai",
    "province_id": "11",
    "province_name": "Thành Phố Hà Nội",
    "new_id": "13323",
    "new_name": "Xã Thanh Oai",
    "new_province_id": "11",
    "new_province_name": "Thành Phố Hà Nội"
  },
  {
    "id": "1252363",
    "name": "Xã Thanh Thùy",
    "district_id": "7179",
    "district_name": "Huyện Thanh Oai",
    "province_id": "11",
    "province_name": "Thành Phố Hà Nội",
    "new_id": "30219",
    "new_name": "Xã Tam Hưng",
    "new_province_id": "11",
    "new_province_name": "Thành Phố Hà Nội"
  },
  {
    "id": "1317899",
    "name": "Xã Thanh Văn",
    "district_id": "7179",
    "district_name": "Huyện Thanh Oai",
    "province_id": "11",
    "province_name": "Thành Phố Hà Nội",
    "new_id": "30219",
    "new_name": "Xã Tam Hưng",
    "new_province_id": "11",
    "new_province_name": "Thành Phố Hà Nội"
  }
]