[
  {
    "id": "72971",
    "name": "Xã Liên Ninh",
    "district_id": "7435",
    "district_name": "Huyện Thanh Trì",
    "province_id": "11",
    "province_name": "Thành Phố Hà Nội",
    "new_id": "523",
    "new_name": "Xã Ngọc Hồi",
    "new_province_id": "11",
    "new_province_name": "Thành Phố Hà Nội"
  },
  {
    "id": "138507",
    "name": "Xã Ngọc Hồi",
    "district_id": "7435",
    "district_name": "Huyện Thanh Trì",
    "province_id": "11",
    "province_name": "Thành Phố Hà Nội",
    "new_id": "523",
    "new_name": "Xã Ngọc Hồi",
    "new_province_id": "11",
    "new_province_name": "Thành Phố Hà Nội"
  },
  {
    "id": "204043",
    "name": "Xã Tân Triều",
    "district_id": "7435",
    "district_name": "Huyện Thanh Trì",
    "province_id": "11",
    "province_name": "Thành Phố Hà Nội",
    "new_id": "5131",
    "new_name": "Phường Thanh Liệt",
    "new_province_id": "11",
    "new_province_name": "Thành Phố Hà Nội"
  },
  {
    "id": "269579",
    "name": "Xã Thanh Liệt",
    "district_id": "7435",
    "district_name": "Huyện Thanh Trì",
    "province_id": "11",
    "province_name": "Thành Phố Hà Nội",
    "new_id": "4363",
    "new_name": "Phường Hoàng Liệt",
    "new_province_id": "11",
    "new_province_name": "Thành Phố Hà Nội"
  },
  {
    "id": "335115",
    "name": "Xã Tứ Hiệp",
    "district_id": "7435",
    "district_name": "Huyện Thanh Trì",
    "province_id": "11",
    "province_name": "Thành Phố Hà Nội",
    "new_id": "23307",
    "new_name": "Xã Thanh Trì",
    "new_province_id": "11",
    "new_province_name": "Thành Phố Hà Nội"
  },
  {
    "id": "400651",
    "name": "Xã Vạn Phúc",
    "district_id": "7435",
    "district_name": "Huyện Thanh Trì",
    "province_id": "11",
    "province_name": "Thành Phố Hà Nội",
    "new_id": "23051",
    "new_name": "Xã Nam Phù",
    "new_province_id": "11",
    "new_province_name": "Thành Phố Hà Nội"
  },
  {
    "id": "466187",
    "name": "Xã Vĩnh Quỳnh",
    "district_id": "7435",
    "district_name": "Huyện Thanh Trì",
    "province_id": "11",
    "province_name": "Thành Phố Hà Nội",
    "new_id": "5387",
    "new_name": "Xã Đại Thanh",
    "new_province_id": "11",
    "new_province_name": "Thành Phố Hà Nội"
  },
  {
    "id": "531723",
    "name": "Xã Yên Mỹ",
    "district_id": "7435",
    "district_name": "Huyện Thanh Trì",
    "province_id": "11",
    "province_name": "Thành Phố Hà Nội",
    "new_id": "23051",
    "new_name": "Xã Nam Phù",
    "new_province_id": "11",
    "new_province_name": "Thành Phố Hà Nội"
  },
  {
    "id": "597259",
    "name": "Xã Đông Mỹ",
    "district_id": "7435",
    "district_name": "Huyện Thanh Trì",
    "province_id": "11",
    "province_name": "Thành Phố Hà Nội",
    "new_id": "23051",
    "new_name": "Xã Nam Phù",
    "new_province_id": "11",
    "new_province_name": "Thành Phố Hà Nội"
  },
  {
    "id": "662795",
    "name": "Xã Duyên Hà",
    "district_id": "7435",
    "district_name": "Huyện Thanh Trì",
    "province_id": "11",
    "province_name": "Thành Phố Hà Nội",
    "new_id": "23051",
    "new_name": "Xã Nam Phù",
    "new_province_id": "11",
    "new_province_name": "Thành Phố Hà Nội"
  },
  {
    "id": "728331",
    "name": "Thị Trấn Văn Điển",
    "district_id": "7435",
    "district_name": "Huyện Thanh Trì",
    "province_id": "11",
    "province_name": "Thành Phố Hà Nội",
    "new_id": "4363",
    "new_name": "Phường Hoàng Liệt",
    "new_province_id": "11",
    "new_province_name": "Thành Phố Hà Nội"
  },
  {
    "id": "793867",
    "name": "Xã Đại Áng",
    "district_id": "7435",
    "district_name": "Huyện Thanh Trì",
    "province_id": "11",
    "province_name": "Thành Phố Hà Nội",
    "new_id": "523",
    "new_name": "Xã Ngọc Hồi",
    "new_province_id": "11",
    "new_province_name": "Thành Phố Hà Nội"
  },
  {
    "id": "859403",
    "name": "Xã Hữu Hòa",
    "district_id": "7435",
    "district_name": "Huyện Thanh Trì",
    "province_id": "11",
    "province_name": "Thành Phố Hà Nội",
    "new_id": "5387",
    "new_name": "Xã Đại Thanh",
    "new_province_id": "11",
    "new_province_name": "Thành Phố Hà Nội"
  },
  {
    "id": "924939",
    "name": "Xã Ngũ Hiệp",
    "district_id": "7435",
    "district_name": "Huyện Thanh Trì",
    "province_id": "11",
    "province_name": "Thành Phố Hà Nội",
    "new_id": "23051",
    "new_name": "Xã Nam Phù",
    "new_province_id": "11",
    "new_province_name": "Thành Phố Hà Nội"
  },
  {
    "id": "990475",
    "name": "Xã Tả Thanh Oai",
    "district_id": "7435",
    "district_name": "Huyện Thanh Trì",
    "province_id": "11",
    "province_name": "Thành Phố Hà Nội",
    "new_id": "5387",
    "new_name": "Xã Đại Thanh",
    "new_province_id": "11",
    "new_province_name": "Thành Phố Hà Nội"
  },
  {
    "id": "1056011",
    "name": "Xã Tam Hiệp",
    "district_id": "7435",
    "district_name": "Huyện Thanh Trì",
    "province_id": "11",
    "province_name": "Thành Phố Hà Nội",
    "new_id": "4363",
    "new_name": "Phường Hoàng Liệt",
    "new_province_id": "11",
    "new_province_name": "Thành Phố Hà Nội"
  }
]