[
  {
    "id": "66342",
    "name": "Phường An Phụ",
    "district_id": "806",
    "district_name": "Thị Xã Kinh Môn",
    "province_id": "38",
    "province_name": "Tỉnh Hải Dương",
    "new_id": "5902",
    "new_name": "Phường Trần Liễu",
    "new_province_id": "14",
    "new_province_name": "Thành Phố Hải Phòng"
  },
  {
    "id": "131878",
    "name": "Phường Hiến Thành",
    "district_id": "806",
    "district_name": "Thị Xã Kinh Môn",
    "province_id": "38",
    "province_name": "Tỉnh Hải Dương",
    "new_id": "19726",
    "new_name": "Phường Nguyễn Đại Năng",
    "new_province_id": "14",
    "new_province_name": "Thành Phố Hải Phòng"
  },
  {
    "id": "197414",
    "name": "Phường An Lưu",
    "district_id": "806",
    "district_name": "Thị Xã Kinh Môn",
    "province_id": "38",
    "province_name": "Tỉnh Hải Dương",
    "new_id": "19470",
    "new_name": "Phường Kinh Môn",
    "new_province_id": "14",
    "new_province_name": "Thành Phố Hải Phòng"
  },
  {
    "id": "262950",
    "name": "Phường Minh Tân",
    "district_id": "806",
    "district_name": "Thị Xã Kinh Môn",
    "province_id": "38",
    "province_name": "Tỉnh Hải Dương",
    "new_id": "20238",
    "new_name": "Phường Nhị Chiểu",
    "new_province_id": "14",
    "new_province_name": "Thành Phố Hải Phòng"
  },
  {
    "id": "328486",
    "name": "Phường Phú Thứ",
    "district_id": "806",
    "district_name": "Thị Xã Kinh Môn",
    "province_id": "38",
    "province_name": "Tỉnh Hải Dương",
    "new_id": "20238",
    "new_name": "Phường Nhị Chiểu",
    "new_province_id": "14",
    "new_province_name": "Thành Phố Hải Phòng"
  },
  {
    "id": "394022",
    "name": "Phường An Sinh",
    "district_id": "806",
    "district_name": "Thị Xã Kinh Môn",
    "province_id": "38",
    "province_name": "Tỉnh Hải Dương",
    "new_id": "19982",
    "new_name": "Phường Phạm Sư Mạnh",
    "new_province_id": "14",
    "new_province_name": "Thành Phố Hải Phòng"
  },
  {
    "id": "459558",
    "name": "Xã Bạch Đằng",
    "district_id": "806",
    "district_name": "Thị Xã Kinh Môn",
    "province_id": "38",
    "province_name": "Tỉnh Hải Dương",
    "new_id": "7438",
    "new_name": "Phường Bắc An Phụ",
    "new_province_id": "14",
    "new_province_name": "Thành Phố Hải Phòng"
  },
  {
    "id": "525094",
    "name": "Phường Duy Tân",
    "district_id": "806",
    "district_name": "Thị Xã Kinh Môn",
    "province_id": "38",
    "province_name": "Tỉnh Hải Dương",
    "new_id": "20238",
    "new_name": "Phường Nhị Chiểu",
    "new_province_id": "14",
    "new_province_name": "Thành Phố Hải Phòng"
  },
  {
    "id": "590630",
    "name": "Phường Hiệp An",
    "district_id": "806",
    "district_name": "Thị Xã Kinh Môn",
    "province_id": "38",
    "province_name": "Tỉnh Hải Dương",
    "new_id": "19470",
    "new_name": "Phường Kinh Môn",
    "new_province_id": "14",
    "new_province_name": "Thành Phố Hải Phòng"
  },
  {
    "id": "656166",
    "name": "Xã Hiệp Hòa",
    "district_id": "806",
    "district_name": "Thị Xã Kinh Môn",
    "province_id": "38",
    "province_name": "Tỉnh Hải Dương",
    "new_id": "5902",
    "new_name": "Phường Trần Liễu",
    "new_province_id": "14",
    "new_province_name": "Thành Phố Hải Phòng"
  },
  {
    "id": "721702",
    "name": "Phường Hiệp Sơn",
    "district_id": "806",
    "district_name": "Thị Xã Kinh Môn",
    "province_id": "38",
    "province_name": "Tỉnh Hải Dương",
    "new_id": "19982",
    "new_name": "Phường Phạm Sư Mạnh",
    "new_province_id": "14",
    "new_province_name": "Thành Phố Hải Phòng"
  },
  {
    "id": "852774",
    "name": "Xã Lạc Long",
    "district_id": "806",
    "district_name": "Thị Xã Kinh Môn",
    "province_id": "38",
    "province_name": "Tỉnh Hải Dương",
    "new_id": "7182",
    "new_name": "Xã Nam An Phụ",
    "new_province_id": "14",
    "new_province_name": "Thành Phố Hải Phòng"
  },
  {
    "id": "918310",
    "name": "Xã Lê Ninh",
    "district_id": "806",
    "district_name": "Thị Xã Kinh Môn",
    "province_id": "38",
    "province_name": "Tỉnh Hải Dương",
    "new_id": "7438",
    "new_name": "Phường Bắc An Phụ",
    "new_province_id": "14",
    "new_province_name": "Thành Phố Hải Phòng"
  },
  {
    "id": "983846",
    "name": "Phường Long Xuyên",
    "district_id": "806",
    "district_name": "Thị Xã Kinh Môn",
    "province_id": "38",
    "province_name": "Tỉnh Hải Dương",
    "new_id": "19470",
    "new_name": "Phường Kinh Môn",
    "new_province_id": "14",
    "new_province_name": "Thành Phố Hải Phòng"
  },
  {
    "id": "1049382",
    "name": "Xã Minh Hòa",
    "district_id": "806",
    "district_name": "Thị Xã Kinh Môn",
    "province_id": "38",
    "province_name": "Tỉnh Hải Dương",
    "new_id": "19726",
    "new_name": "Phường Nguyễn Đại Năng",
    "new_province_id": "14",
    "new_province_name": "Thành Phố Hải Phòng"
  },
  {
    "id": "1114918",
    "name": "Xã Quang Thành",
    "district_id": "806",
    "district_name": "Thị Xã Kinh Môn",
    "province_id": "38",
    "province_name": "Tỉnh Hải Dương",
    "new_id": "7182",
    "new_name": "Xã Nam An Phụ",
    "new_province_id": "14",
    "new_province_name": "Thành Phố Hải Phòng"
  },
  {
    "id": "1180454",
    "name": "Phường Tân Dân",
    "district_id": "806",
    "district_name": "Thị Xã Kinh Môn",
    "province_id": "38",
    "province_name": "Tỉnh Hải Dương",
    "new_id": "20238",
    "new_name": "Phường Nhị Chiểu",
    "new_province_id": "14",
    "new_province_name": "Thành Phố Hải Phòng"
  },
  {
    "id": "1245990",
    "name": "Phường Phạm Thái",
    "district_id": "806",
    "district_name": "Thị Xã Kinh Môn",
    "province_id": "38",
    "province_name": "Tỉnh Hải Dương",
    "new_id": "19982",
    "new_name": "Phường Phạm Sư Mạnh",
    "new_province_id": "14",
    "new_province_name": "Thành Phố Hải Phòng"
  },
  {
    "id": "1311526",
    "name": "Phường Thái Thịnh",
    "district_id": "806",
    "district_name": "Thị Xã Kinh Môn",
    "province_id": "38",
    "province_name": "Tỉnh Hải Dương",
    "new_id": "19726",
    "new_name": "Phường Nguyễn Đại Năng",
    "new_province_id": "14",
    "new_province_name": "Thành Phố Hải Phòng"
  },
  {
    "id": "1377062",
    "name": "Xã Thăng Long",
    "district_id": "806",
    "district_name": "Thị Xã Kinh Môn",
    "province_id": "38",
    "province_name": "Tỉnh Hải Dương",
    "new_id": "7182",
    "new_name": "Xã Nam An Phụ",
    "new_province_id": "14",
    "new_province_name": "Thành Phố Hải Phòng"
  },
  {
    "id": "1442598",
    "name": "Phường Thất Hùng",
    "district_id": "806",
    "district_name": "Thị Xã Kinh Môn",
    "province_id": "38",
    "province_name": "Tỉnh Hải Dương",
    "new_id": "7438",
    "new_name": "Phường Bắc An Phụ",
    "new_province_id": "14",
    "new_province_name": "Thành Phố Hải Phòng"
  },
  {
    "id": "1508134",
    "name": "Xã Thượng Quận",
    "district_id": "806",
    "district_name": "Thị Xã Kinh Môn",
    "province_id": "38",
    "province_name": "Tỉnh Hải Dương",
    "new_id": "5902",
    "new_name": "Phường Trần Liễu",
    "new_province_id": "14",
    "new_province_name": "Thành Phố Hải Phòng"
  }
]