[
  {
    "id": "66361",
    "name": "Phường Điện Nam Trung",
    "district_id": "825",
    "district_name": "Thị Xã Điện Bàn",
    "province_id": "57",
    "province_name": "Tỉnh Quảng Nam",
    "new_id": "11021",
    "new_name": "Phường Điện Bàn Đông",
    "new_province_id": "13",
    "new_province_name": "Thành Phố Đà Nẵng"
  },
  {
    "id": "131897",
    "name": "Phường Điện Nam Bắc",
    "district_id": "825",
    "district_name": "Thị Xã Điện Bàn",
    "province_id": "57",
    "province_name": "Tỉnh Quảng Nam",
    "new_id": "11021",
    "new_name": "Phường Điện Bàn Đông",
    "new_province_id": "13",
    "new_province_name": "Thành Phố Đà Nẵng"
  },
  {
    "id": "197433",
    "name": "Xã Điện Hòa",
    "district_id": "825",
    "district_name": "Thị Xã Điện Bàn",
    "province_id": "57",
    "province_name": "Tỉnh Quảng Nam",
    "new_id": "11533",
    "new_name": "Phường Điện Bàn Bắc",
    "new_province_id": "13",
    "new_province_name": "Thành Phố Đà Nẵng"
  },
  {
    "id": "262969",
    "name": "Phường Điện An",
    "district_id": "825",
    "district_name": "Thị Xã Điện Bàn",
    "province_id": "57",
    "province_name": "Tỉnh Quảng Nam",
    "new_id": "11277",
    "new_name": "Phường An Thắng",
    "new_province_id": "13",
    "new_province_name": "Thành Phố Đà Nẵng"
  },
  {
    "id": "328505",
    "name": "Phường Điện Dương",
    "district_id": "825",
    "district_name": "Thị Xã Điện Bàn",
    "province_id": "57",
    "province_name": "Tỉnh Quảng Nam",
    "new_id": "11021",
    "new_name": "Phường Điện Bàn Đông",
    "new_province_id": "13",
    "new_province_name": "Thành Phố Đà Nẵng"
  },
  {
    "id": "394041",
    "name": "Phường Vĩnh Điện",
    "district_id": "825",
    "district_name": "Thị Xã Điện Bàn",
    "province_id": "57",
    "province_name": "Tỉnh Quảng Nam",
    "new_id": "10765",
    "new_name": "Phường Điện Bàn",
    "new_province_id": "13",
    "new_province_name": "Thành Phố Đà Nẵng"
  },
  {
    "id": "459577",
    "name": "Xã Điện Phước",
    "district_id": "825",
    "district_name": "Thị Xã Điện Bàn",
    "province_id": "57",
    "province_name": "Tỉnh Quảng Nam",
    "new_id": "11789",
    "new_name": "Xã Điện Bàn Tây",
    "new_province_id": "13",
    "new_province_name": "Thành Phố Đà Nẵng"
  },
  {
    "id": "525113",
    "name": "Phường Điện Ngọc",
    "district_id": "825",
    "district_name": "Thị Xã Điện Bàn",
    "province_id": "57",
    "province_name": "Tỉnh Quảng Nam",
    "new_id": "11021",
    "new_name": "Phường Điện Bàn Đông",
    "new_province_id": "13",
    "new_province_name": "Thành Phố Đà Nẵng"
  },
  {
    "id": "590649",
    "name": "Xã Điện Phong",
    "district_id": "825",
    "district_name": "Thị Xã Điện Bàn",
    "province_id": "57",
    "province_name": "Tỉnh Quảng Nam",
    "new_id": "12045",
    "new_name": "Xã Gò Nổi",
    "new_province_id": "13",
    "new_province_name": "Thành Phố Đà Nẵng"
  },
  {
    "id": "656185",
    "name": "Xã Điện Hồng",
    "district_id": "825",
    "district_name": "Thị Xã Điện Bàn",
    "province_id": "57",
    "province_name": "Tỉnh Quảng Nam",
    "new_id": "11789",
    "new_name": "Xã Điện Bàn Tây",
    "new_province_id": "13",
    "new_province_name": "Thành Phố Đà Nẵng"
  },
  {
    "id": "721721",
    "name": "Phường Điện Minh",
    "district_id": "825",
    "district_name": "Thị Xã Điện Bàn",
    "province_id": "57",
    "province_name": "Tỉnh Quảng Nam",
    "new_id": "10765",
    "new_name": "Phường Điện Bàn",
    "new_province_id": "13",
    "new_province_name": "Thành Phố Đà Nẵng"
  },
  {
    "id": "787257",
    "name": "Phường Điện Nam Đông",
    "district_id": "825",
    "district_name": "Thị Xã Điện Bàn",
    "province_id": "57",
    "province_name": "Tỉnh Quảng Nam",
    "new_id": "11021",
    "new_name": "Phường Điện Bàn Đông",
    "new_province_id": "13",
    "new_province_name": "Thành Phố Đà Nẵng"
  },
  {
    "id": "852793",
    "name": "Phường Điện Phương",
    "district_id": "825",
    "district_name": "Thị Xã Điện Bàn",
    "province_id": "57",
    "province_name": "Tỉnh Quảng Nam",
    "new_id": "10765",
    "new_name": "Phường Điện Bàn",
    "new_province_id": "13",
    "new_province_name": "Thành Phố Đà Nẵng"
  },
  {
    "id": "918329",
    "name": "Xã Điện Quang",
    "district_id": "825",
    "district_name": "Thị Xã Điện Bàn",
    "province_id": "57",
    "province_name": "Tỉnh Quảng Nam",
    "new_id": "12045",
    "new_name": "Xã Gò Nổi",
    "new_province_id": "13",
    "new_province_name": "Thành Phố Đà Nẵng"
  },
  {
    "id": "983865",
    "name": "Phường Điện Thắng Bắc",
    "district_id": "825",
    "district_name": "Thị Xã Điện Bàn",
    "province_id": "57",
    "province_name": "Tỉnh Quảng Nam",
    "new_id": "11533",
    "new_name": "Phường Điện Bàn Bắc",
    "new_province_id": "13",
    "new_province_name": "Thành Phố Đà Nẵng"
  },
  {
    "id": "1049401",
    "name": "Phường Điện Thắng Nam",
    "district_id": "825",
    "district_name": "Thị Xã Điện Bàn",
    "province_id": "57",
    "province_name": "Tỉnh Quảng Nam",
    "new_id": "11277",
    "new_name": "Phường An Thắng",
    "new_province_id": "13",
    "new_province_name": "Thành Phố Đà Nẵng"
  },
  {
    "id": "1114937",
    "name": "Phường Điện Thắng Trung",
    "district_id": "825",
    "district_name": "Thị Xã Điện Bàn",
    "province_id": "57",
    "province_name": "Tỉnh Quảng Nam",
    "new_id": "11277",
    "new_name": "Phường An Thắng",
    "new_province_id": "13",
    "new_province_name": "Thành Phố Đà Nẵng"
  },
  {
    "id": "1180473",
    "name": "Xã Điện Thọ",
    "district_id": "825",
    "district_name": "Thị Xã Điện Bàn",
    "province_id": "57",
    "province_name": "Tỉnh Quảng Nam",
    "new_id": "11789",
    "new_name": "Xã Điện Bàn Tây",
    "new_province_id": "13",
    "new_province_name": "Thành Phố Đà Nẵng"
  },
  {
    "id": "1246009",
    "name": "Xã Điện Tiến",
    "district_id": "825",
    "district_name": "Thị Xã Điện Bàn",
    "province_id": "57",
    "province_name": "Tỉnh Quảng Nam",
    "new_id": "11533",
    "new_name": "Phường Điện Bàn Bắc",
    "new_province_id": "13",
    "new_province_name": "Thành Phố Đà Nẵng"
  },
  {
    "id": "1311545",
    "name": "Xã Điện Trung",
    "district_id": "825",
    "district_name": "Thị Xã Điện Bàn",
    "province_id": "57",
    "province_name": "Tỉnh Quảng Nam",
    "new_id": "12045",
    "new_name": "Xã Gò Nổi",
    "new_province_id": "13",
    "new_province_name": "Thành Phố Đà Nẵng"
  }
]