[
  {
    "id": "66363",
    "name": "Xã Hải Hòa",
    "district_id": "827",
    "district_name": "Thành Phố Cẩm Phả",
    "province_id": "59",
    "province_name": "Tỉnh Quảng Ninh",
    "new_id": "1573",
    "new_name": "Xã Hải Lạng",
    "new_province_id": "37",
    "new_province_name": "Tỉnh Quảng Ninh"
  },
  {
    "id": "131899",
    "name": "Phường Cẩm Bình",
    "district_id": "827",
    "district_name": "Thành Phố Cẩm Phả",
    "province_id": "59",
    "province_name": "Tỉnh Quảng Ninh",
    "new_id": "8741",
    "new_name": "Phường Cẩm Phả",
    "new_province_id": "37",
    "new_province_name": "Tỉnh Quảng Ninh"
  },
  {
    "id": "197435",
    "name": "Phường Cẩm Đông",
    "district_id": "827",
    "district_name": "Thành Phố Cẩm Phả",
    "province_id": "59",
    "province_name": "Tỉnh Quảng Ninh",
    "new_id": "8741",
    "new_name": "Phường Cẩm Phả",
    "new_province_id": "37",
    "new_province_name": "Tỉnh Quảng Ninh"
  },
  {
    "id": "262971",
    "name": "Phường Cẩm Phú",
    "district_id": "827",
    "district_name": "Thành Phố Cẩm Phả",
    "province_id": "59",
    "province_name": "Tỉnh Quảng Ninh",
    "new_id": "8997",
    "new_name": "Phường Cửa Ông",
    "new_province_id": "37",
    "new_province_name": "Tỉnh Quảng Ninh"
  },
  {
    "id": "328507",
    "name": "Phường Cẩm Sơn",
    "district_id": "827",
    "district_name": "Thành Phố Cẩm Phả",
    "province_id": "59",
    "province_name": "Tỉnh Quảng Ninh",
    "new_id": "8997",
    "new_name": "Phường Cửa Ông",
    "new_province_id": "37",
    "new_province_name": "Tỉnh Quảng Ninh"
  },
  {
    "id": "394043",
    "name": "Phường Cẩm Tây",
    "district_id": "827",
    "district_name": "Thành Phố Cẩm Phả",
    "province_id": "59",
    "province_name": "Tỉnh Quảng Ninh",
    "new_id": "8741",
    "new_name": "Phường Cẩm Phả",
    "new_province_id": "37",
    "new_province_name": "Tỉnh Quảng Ninh"
  },
  {
    "id": "459579",
    "name": "Phường Cẩm Thạch",
    "district_id": "827",
    "district_name": "Thành Phố Cẩm Phả",
    "province_id": "59",
    "province_name": "Tỉnh Quảng Ninh",
    "new_id": "2597",
    "new_name": "Phường Quang Hanh",
    "new_province_id": "37",
    "new_province_name": "Tỉnh Quảng Ninh"
  },
  {
    "id": "525115",
    "name": "Phường Cẩm Thành",
    "district_id": "827",
    "district_name": "Thành Phố Cẩm Phả",
    "province_id": "59",
    "province_name": "Tỉnh Quảng Ninh",
    "new_id": "8741",
    "new_name": "Phường Cẩm Phả",
    "new_province_id": "37",
    "new_province_name": "Tỉnh Quảng Ninh"
  },
  {
    "id": "590651",
    "name": "Phường Cẩm Thủy",
    "district_id": "827",
    "district_name": "Thành Phố Cẩm Phả",
    "province_id": "59",
    "province_name": "Tỉnh Quảng Ninh",
    "new_id": "2597",
    "new_name": "Phường Quang Hanh",
    "new_province_id": "37",
    "new_province_name": "Tỉnh Quảng Ninh"
  },
  {
    "id": "656187",
    "name": "Phường Cẩm Trung",
    "district_id": "827",
    "district_name": "Thành Phố Cẩm Phả",
    "province_id": "59",
    "province_name": "Tỉnh Quảng Ninh",
    "new_id": "8741",
    "new_name": "Phường Cẩm Phả",
    "new_province_id": "37",
    "new_province_name": "Tỉnh Quảng Ninh"
  },
  {
    "id": "721723",
    "name": "Phường Cửa Ông",
    "district_id": "827",
    "district_name": "Thành Phố Cẩm Phả",
    "province_id": "59",
    "province_name": "Tỉnh Quảng Ninh",
    "new_id": "8997",
    "new_name": "Phường Cửa Ông",
    "new_province_id": "37",
    "new_province_name": "Tỉnh Quảng Ninh"
  },
  {
    "id": "787259",
    "name": "Phường Mông Dương",
    "district_id": "827",
    "district_name": "Thành Phố Cẩm Phả",
    "province_id": "59",
    "province_name": "Tỉnh Quảng Ninh",
    "new_id": "8485",
    "new_name": "Phường Mông Dương",
    "new_province_id": "37",
    "new_province_name": "Tỉnh Quảng Ninh"
  },
  {
    "id": "852795",
    "name": "Phường Quang Hanh",
    "district_id": "827",
    "district_name": "Thành Phố Cẩm Phả",
    "province_id": "59",
    "province_name": "Tỉnh Quảng Ninh",
    "new_id": "2597",
    "new_name": "Phường Quang Hanh",
    "new_province_id": "37",
    "new_province_name": "Tỉnh Quảng Ninh"
  },
  {
    "id": "918331",
    "name": "Xã Dương Huy",
    "district_id": "827",
    "district_name": "Thành Phố Cẩm Phả",
    "province_id": "59",
    "province_name": "Tỉnh Quảng Ninh",
    "new_id": "8485",
    "new_name": "Phường Mông Dương",
    "new_province_id": "37",
    "new_province_name": "Tỉnh Quảng Ninh"
  },
  {
    "id": "983867",
    "name": "Phường Cẩm Thịnh",
    "district_id": "827",
    "district_name": "Thành Phố Cẩm Phả",
    "province_id": "59",
    "province_name": "Tỉnh Quảng Ninh",
    "new_id": "8997",
    "new_name": "Phường Cửa Ông",
    "new_province_id": "37",
    "new_province_name": "Tỉnh Quảng Ninh"
  }
]