[
  {
    "id": "310",
    "name": "Thành Phố Việt Trì",
    "province_id": "54",
    "province_name": "Tỉnh Phú Thọ",
    "new_province_id": "35",
    "new_province_name": "Tỉnh Phú Thọ"
  },
  {
    "id": "566",
    "name": "Thị Xã Phú Thọ",
    "province_id": "54",
    "province_name": "Tỉnh Phú Thọ",
    "new_province_id": "35",
    "new_province_name": "Tỉnh Phú Thọ"
  },
  {
    "id": "822",
    "name": "Huyện Cẩm Khê",
    "province_id": "54",
    "province_name": "Tỉnh Phú Thọ",
    "new_province_id": "35",
    "new_province_name": "Tỉnh Phú Thọ"
  },
  {
    "id": "1078",
    "name": "Huyện Hạ Hòa",
    "province_id": "54",
    "province_name": "Tỉnh Phú Thọ",
    "new_province_id": "35",
    "new_province_name": "Tỉnh Phú Thọ"
  },
  {
    "id": "1334",
    "name": "Huyện Lâm Thao",
    "province_id": "54",
    "province_name": "Tỉnh Phú Thọ",
    "new_province_id": "35",
    "new_province_name": "Tỉnh Phú Thọ"
  },
  {
    "id": "1590",
    "name": "Huyện Đoan Hùng",
    "province_id": "54",
    "province_name": "Tỉnh Phú Thọ",
    "new_province_id": "35",
    "new_province_name": "Tỉnh Phú Thọ"
  },
  {
    "id": "1846",
    "name": "Huyện Phù Ninh",
    "province_id": "54",
    "province_name": "Tỉnh Phú Thọ",
    "new_province_id": "35",
    "new_province_name": "Tỉnh Phú Thọ"
  },
  {
    "id": "2102",
    "name": "Huyện Tân Sơn",
    "province_id": "54",
    "province_name": "Tỉnh Phú Thọ",
    "new_province_id": "35",
    "new_province_name": "Tỉnh Phú Thọ"
  },
  {
    "id": "2358",
    "name": "Huyện Tam Nông",
    "province_id": "54",
    "province_name": "Tỉnh Phú Thọ",
    "new_province_id": "35",
    "new_province_name": "Tỉnh Phú Thọ"
  },
  {
    "id": "2614",
    "name": "Huyện Thanh Ba",
    "province_id": "54",
    "province_name": "Tỉnh Phú Thọ",
    "new_province_id": "35",
    "new_province_name": "Tỉnh Phú Thọ"
  },
  {
    "id": "2870",
    "name": "Huyện Thanh Sơn",
    "province_id": "54",
    "province_name": "Tỉnh Phú Thọ",
    "new_province_id": "35",
    "new_province_name": "Tỉnh Phú Thọ"
  },
  {
    "id": "3126",
    "name": "Huyện Thanh Thủy",
    "province_id": "54",
    "province_name": "Tỉnh Phú Thọ",
    "new_province_id": "35",
    "new_province_name": "Tỉnh Phú Thọ"
  },
  {
    "id": "3382",
    "name": "Huyện Yên Lập",
    "province_id": "54",
    "province_name": "Tỉnh Phú Thọ",
    "new_province_id": "35",
    "new_province_name": "Tỉnh Phú Thọ"
  }
]