[
  {
    "id": "313",
    "name": "Thành Phố Hội An",
    "province_id": "57",
    "province_name": "Tỉnh Quảng Nam",
    "new_province_id": "13",
    "new_province_name": "Thành Phố Đà Nẵng"
  },
  {
    "id": "569",
    "name": "Thành Phố Tam Kỳ",
    "province_id": "57",
    "province_name": "Tỉnh Quảng Nam",
    "new_province_id": "13",
    "new_province_name": "Thành Phố Đà Nẵng"
  },
  {
    "id": "825",
    "name": "Thị Xã Điện Bàn",
    "province_id": "57",
    "province_name": "Tỉnh Quảng Nam",
    "new_province_id": "13",
    "new_province_name": "Thành Phố Đà Nẵng"
  },
  {
    "id": "1081",
    "name": "Huyện Bắc Trà My",
    "province_id": "57",
    "province_name": "Tỉnh Quảng Nam",
    "new_province_id": "13",
    "new_province_name": "Thành Phố Đà Nẵng"
  },
  {
    "id": "1337",
    "name": "Huyện Duy Xuyên",
    "province_id": "57",
    "province_name": "Tỉnh Quảng Nam",
    "new_province_id": "13",
    "new_province_name": "Thành Phố Đà Nẵng"
  },
  {
    "id": "1593",
    "name": "Huyện Hiệp Đức",
    "province_id": "57",
    "province_name": "Tỉnh Quảng Nam",
    "new_province_id": "13",
    "new_province_name": "Thành Phố Đà Nẵng"
  },
  {
    "id": "1849",
    "name": "Huyện Đại Lộc",
    "province_id": "57",
    "province_name": "Tỉnh Quảng Nam",
    "new_province_id": "13",
    "new_province_name": "Thành Phố Đà Nẵng"
  },
  {
    "id": "2105",
    "name": "Huyện Nam Giang",
    "province_id": "57",
    "province_name": "Tỉnh Quảng Nam",
    "new_province_id": "13",
    "new_province_name": "Thành Phố Đà Nẵng"
  },
  {
    "id": "2361",
    "name": "Huyện Nam Trà My",
    "province_id": "57",
    "province_name": "Tỉnh Quảng Nam",
    "new_province_id": "13",
    "new_province_name": "Thành Phố Đà Nẵng"
  },
  {
    "id": "2617",
    "name": "Huyện Đông Giang",
    "province_id": "57",
    "province_name": "Tỉnh Quảng Nam",
    "new_province_id": "13",
    "new_province_name": "Thành Phố Đà Nẵng"
  },
  {
    "id": "3129",
    "name": "Huyện Núi Thành",
    "province_id": "57",
    "province_name": "Tỉnh Quảng Nam",
    "new_province_id": "13",
    "new_province_name": "Thành Phố Đà Nẵng"
  },
  {
    "id": "3385",
    "name": "Huyện Phước Sơn",
    "province_id": "57",
    "province_name": "Tỉnh Quảng Nam",
    "new_province_id": "13",
    "new_province_name": "Thành Phố Đà Nẵng"
  },
  {
    "id": "3641",
    "name": "Huyện Phú Ninh",
    "province_id": "57",
    "province_name": "Tỉnh Quảng Nam",
    "new_province_id": "13",
    "new_province_name": "Thành Phố Đà Nẵng"
  },
  {
    "id": "3897",
    "name": "Huyện Quế Sơn",
    "province_id": "57",
    "province_name": "Tỉnh Quảng Nam",
    "new_province_id": "13",
    "new_province_name": "Thành Phố Đà Nẵng"
  },
  {
    "id": "4153",
    "name": "Huyện Tây Giang",
    "province_id": "57",
    "province_name": "Tỉnh Quảng Nam",
    "new_province_id": "13",
    "new_province_name": "Thành Phố Đà Nẵng"
  },
  {
    "id": "4409",
    "name": "Huyện Thăng Bình",
    "province_id": "57",
    "province_name": "Tỉnh Quảng Nam",
    "new_province_id": "13",
    "new_province_name": "Thành Phố Đà Nẵng"
  },
  {
    "id": "4665",
    "name": "Huyện Tiên Phước",
    "province_id": "57",
    "province_name": "Tỉnh Quảng Nam",
    "new_province_id": "13",
    "new_province_name": "Thành Phố Đà Nẵng"
  }
]